gid,role,role_score,cluster_id,priority_score,evidence
100000000011452100,consolidator,0.7,1,0.69398,Гипотеза консолидации. Вход: 3/110000 KZT; выход: 1/16685 KZT; k=0.15; depth=1.
100000000018102100,peripheral,0.1,6,0.209806,Обрыв depth=4; продолжение неизвестно. Вход: 1/7000 KZT; выход: 0/0 KZT; k=0.00; depth=4.
100000000031787100,transit,0.6,8,0.64805,Гипотеза транзита. Вход: 1/90000 KZT; выход: 2/90000 KZT; k=1.00; depth=2.
100000000041368100,peripheral,0.25,3,0.462349,Порогов ролей не достиг; требуется контекст. Вход: 1/160000 KZT; выход: 0/0 KZT; k=0.00; depth=1.
100000000076451100,peripheral,0.25,15,0.547847,Порогов ролей не достиг; требуется контекст. Вход: 3/87707 KZT; выход: 4/58000 KZT; k=0.66; depth=2.
100000000089154100,distributor,0.75,1,0.809181,Гипотеза распределения. Вход: 1/10000 KZT; выход: 15/425500 KZT; k=42.55; depth=1.
100000000190228100,peripheral,0.25,9,0.372447,Порогов ролей не достиг; требуется контекст. Вход: 1/5000 KZT; выход: 1/28560 KZT; k=5.71; depth=2.
100000000201868100,transit,0.6,4,0.675007,Гипотеза транзита. Вход: 1/190000 KZT; выход: 1/190000 KZT; k=1.00; depth=2.
100000000254336100,peripheral,0.25,1,0.528941,Порогов ролей не достиг; требуется контекст. Вход: 2/97177 KZT; выход: 1/60000 KZT; k=0.62; depth=3.
100000000267734100,peripheral,0.25,8,0.635258,Порогов ролей не достиг; требуется контекст. Вход: 2/180000 KZT; выход: 7/282000 KZT; k=1.57; depth=1.
100000000274067100,peripheral,0.25,8,0.675872,Порогов ролей не достиг; требуется контекст. Вход: 2/517704 KZT; выход: 3/2969000 KZT; k=5.73; depth=1.
100000000287768100,peripheral,0.25,1,0.333879,Порогов ролей не достиг; требуется контекст. Вход: 1/35168 KZT; выход: 0/0 KZT; k=0.00; depth=3.
100000000288317100,peripheral,0.25,6,0.544911,Порогов ролей не достиг; требуется контекст. Вход: 2/100000 KZT; выход: 3/53500 KZT; k=0.54; depth=3.
100000000291906100,transit,0.6,50,0.749028,Гипотеза транзита. Вход: 2/388000 KZT; выход: 2/455854 KZT; k=1.17; depth=2.
100000000291908100,peripheral,0.25,50,0.552696,Порогов ролей не достиг; требуется контекст. Вход: 1/295500 KZT; выход: 1/13300 KZT; k=0.05; depth=3.
100000000297649100,peripheral,0.25,11,0.478852,Порогов ролей не достиг; требуется контекст. Вход: 1/40000 KZT; выход: 1/70600 KZT; k=1.76; depth=2.
100000000299820100,peripheral,0.1,6,0.2276,Обрыв depth=4; продолжение неизвестно. Вход: 1/10000 KZT; выход: 0/0 KZT; k=0.00; depth=4.
100000000307908100,peripheral,0.25,43,0.20452,Порогов ролей не достиг; требуется контекст. Вход: 1/5000 KZT; выход: 0/0 KZT; k=0.00; depth=2.
100000000331309100,coordinator,0.65,7,0.894733,Гипотеза связующего узла. Вход: 5/984635 KZT; выход: 99/23001375 KZT; k=23.36; depth=2.
100000000332284100,peripheral,0.25,7,0.628897,Порогов ролей не достиг; требуется контекст. Вход: 10/107426 KZT; выход: 3/289500 KZT; k=2.69; depth=2.
100000000343175100,coordinator,0.52,10,0.85044,Гипотеза связующего узла. Вход seed неполон. Вход: 8/178712 KZT; выход: 31/4000039 KZT; k=22.38; depth=0.
100000000369781100,peripheral,0.1,7,0.20002,Обрыв depth=4; продолжение неизвестно. Вход: 1/5000 KZT; выход: 0/0 KZT; k=0.00; depth=4.
100000000375150100,peripheral,0.1,13,0.503044,Обрыв depth=4; продолжение неизвестно. Вход: 1/300000 KZT; выход: 0/0 KZT; k=0.00; depth=4.
100000000404740100,peripheral,0.1,25,0.297173,Обрыв depth=4; продолжение неизвестно. Вход: 1/25000 KZT; выход: 0/0 KZT; k=0.00; depth=4.
100000000408846100,peripheral,0.25,26,0.345445,Порогов ролей не достиг; требуется контекст. Вход: 1/40500 KZT; выход: 0/0 KZT; k=0.00; depth=3.
100000000413678100,peripheral,0.25,6,0.646512,Порогов ролей не достиг; требуется контекст. Вход: 2/306500 KZT; выход: 3/528198 KZT; k=1.72; depth=3.
100000000424935100,peripheral,0.1,28,0.248418,Обрыв depth=4; продолжение неизвестно. Вход: 1/15000 KZT; выход: 0/0 KZT; k=0.00; depth=4.
100000000425407100,peripheral,0.25,3,0.281566,Порогов ролей не достиг; требуется контекст. Вход: 1/20000 KZT; выход: 0/0 KZT; k=0.00; depth=2.
100000000437046100,coordinator,0.65,1,0.893043,Гипотеза связующего узла. Вход: 9/1107200 KZT; выход: 42/7606224 KZT; k=6.87; depth=2.
100000000440392100,peripheral,0.25,4,0.432456,Порогов ролей не достиг; требуется контекст. Вход: 1/105705 KZT; выход: 0/0 KZT; k=0.00; depth=1.
100000000456947100,peripheral,0.1,72,0.0,Seed без исходящих; нет наблюдаемых связей. Вход: 0/0 KZT; выход: 0/0 KZT; k=н/д; depth=0.
100000000470237100,peripheral,0.1,28,0.323151,Обрыв depth=4; продолжение неизвестно. Вход: 1/32500 KZT; выход: 0/0 KZT; k=0.00; depth=4.
100000000481716100,peripheral,0.25,9,0.216975,Порогов ролей не достиг; требуется контекст. Вход: 1/8000 KZT; выход: 0/0 KZT; k=0.00; depth=3.
100000000489417100,transit,0.6,13,0.647249,Гипотеза транзита. Вход: 3/73504 KZT; выход: 1/80000 KZT; k=1.09; depth=2.
100000000490383100,peripheral,0.25,4,0.647002,Порогов ролей не достиг; требуется контекст. Вход: 3/62600 KZT; выход: 8/461375 KZT; k=7.37; depth=2.
100000000500040100,peripheral,0.1,1,0.277066,Обрыв depth=4; продолжение неизвестно. Вход: 1/20000 KZT; выход: 0/0 KZT; k=0.00; depth=4.
100000000507799100,peripheral,0.25,39,0.285792,Порогов ролей не достиг; требуется контекст. Вход: 1/5132 KZT; выход: 1/8000 KZT; k=1.56; depth=1.
100000000533217100,peripheral,0.25,1,0.376228,Порогов ролей не достиг; требуется контекст. Вход: 1/53587 KZT; выход: 0/0 KZT; k=0.00; depth=2.
100000000534581100,peripheral,0.25,6,0.490507,Порогов ролей не достиг; требуется контекст. Вход: 2/55960 KZT; выход: 1/40000 KZT; k=0.71; depth=3.
100000000542087100,peripheral,0.1,36,0.213543,Обрыв depth=4; продолжение неизвестно. Вход: 1/8507 KZT; выход: 0/0 KZT; k=0.00; depth=4.
100000000552584100,peripheral,0.25,23,0.630454,Порогов ролей не достиг; требуется контекст. Вход: 1/2500000 KZT; выход: 1/57500 KZT; k=0.02; depth=3.
100000000555721100,peripheral,0.25,1,0.481165,Порогов ролей не достиг; требуется контекст. Вход: 2/113000 KZT; выход: 0/0 KZT; k=0.00; depth=1.
100000000557536100,peripheral,0.1,36,0.454112,Обрыв depth=4; продолжение неизвестно. Вход: 1/153000 KZT; выход: 0/0 KZT; k=0.00; depth=4.
100000000560751100,peripheral,0.25,13,0.301673,Порогов ролей не достиг; требуется контекст. Вход: 1/25000 KZT; выход: 0/0 KZT; k=0.00; depth=3.
100000000561160100,peripheral,0.1,3,0.488276,Обрыв depth=4; продолжение неизвестно. Вход: 1/240000 KZT; выход: 0/0 KZT; k=0.00; depth=4.
100000000569479100,terminal,0.5,1,0.578603,Гипотеза конечного получения. Вход: 1/320000 KZT; выход: 0/0 KZT; k=0.00; depth=3.
100000000572276100,peripheral,0.25,2,0.403763,Порогов ролей не достиг; требуется контекст. Вход: 1/13075 KZT; выход: 1/34547 KZT; k=2.64; depth=3.
100000000580561100,peripheral,0.2,44,0.661205,Порогов ролей не достиг; требуется контекст. Вход seed неполон. Вход: 2/27980 KZT; выход: 3/1488077 KZT; k=53.18; depth=0.
100000000581662100,peripheral,0.1,12,0.280447,Обрыв depth=4; продолжение неизвестно. Вход: 1/21160 KZT; выход: 0/0 KZT; k=0.00; depth=4.
100000000581682100,peripheral,0.1,28,0.20002,Обрыв depth=4; продолжение неизвестно. Вход: 1/5000 KZT; выход: 0/0 KZT; k=0.00; depth=4.
100000000583220100,peripheral,0.25,67,0.600205,Порогов ролей не достиг; требуется контекст. Вход: 1/5000 KZT; выход: 1/761255 KZT; k=152.25; depth=3.
100000000594783100,peripheral,0.25,23,0.65581,Порогов ролей не достиг; требуется контекст. Вход: 1/2635000 KZT; выход: 2/152500 KZT; k=0.06; depth=3.
100000000596954100,peripheral,0.25,3,0.534279,Порогов ролей не достиг; требуется контекст. Вход: 1/120000 KZT; выход: 2/48100 KZT; k=0.40; depth=2.
100000000600707100,peripheral,0.1,37,0.409806,Обрыв depth=4; продолжение неизвестно. Вход: 1/89000 KZT; выход: 0/0 KZT; k=0.00; depth=4.
100000000607731100,peripheral,0.25,29,0.455721,Порогов ролей не достиг; требуется контекст. Вход: 1/20000 KZT; выход: 1/66666 KZT; k=3.33; depth=1.
100000000607941100,peripheral,0.25,4,0.509724,Порогов ролей не достиг; требуется контекст. Вход: 2/50000 KZT; выход: 1/70000 KZT; k=1.40; depth=2.
100000000608031100,peripheral,0.1,16,0.316746,Обрыв depth=4; продолжение неизвестно. Вход: 1/30000 KZT; выход: 0/0 KZT; k=0.00; depth=4.
100000000611474100,peripheral,0.25,22,0.32694,Порогов ролей не достиг; требуется контекст. Вход: 1/32000 KZT; выход: 0/0 KZT; k=0.00; depth=3.
100000000625169100,peripheral,0.25,2,0.2321,Порогов ролей не достиг; требуется контекст. Вход: 1/10000 KZT; выход: 0/0 KZT; k=0.00; depth=2.
100000000627521100,peripheral,0.1,40,0.207137,Обрыв depth=4; продолжение неизвестно. Вход: 1/6500 KZT; выход: 0/0 KZT; k=0.00; depth=4.
100000000629812100,peripheral,0.25,54,0.330276,Порогов ролей не достиг; требуется контекст. Вход: 2/22000 KZT; выход: 0/0 KZT; k=0.00; depth=2.
100000000634341100,peripheral,0.1,1,0.290767,Обрыв depth=4; продолжение неизвестно. Вход: 1/24000 KZT; выход: 0/0 KZT; k=0.00; depth=4.
100000000640800100,peripheral,0.25,6,0.634769,Порогов ролей не достиг; требуется контекст. Вход: 1/80000 KZT; выход: 4/518135 KZT; k=6.48; depth=3.
100000000646541100,consolidator,0.7,1,0.541044,Гипотеза консолидации. Вход: 3/25300 KZT; выход: 0/0 KZT; k=0.00; depth=2.
100000000655469100,peripheral,0.1,21,0.277066,Обрыв depth=4; продолжение неизвестно. Вход: 1/20000 KZT; выход: 0/0 KZT; k=0.00; depth=4.
100000000656682100,transit,0.6,1,0.634527,Гипотеза транзита. Вход: 1/71000 KZT; выход: 2/80000 KZT; k=1.13; depth=3.
100000000661131100,peripheral,0.25,2,0.255943,Порогов ролей не достиг; требуется контекст. Вход: 1/15600 KZT; выход: 0/0 KZT; k=0.00; depth=3.
100000000661912100,transit,0.6,1,0.764642,Гипотеза транзита. Вход: 5/393036 KZT; выход: 2/430700 KZT; k=1.10; depth=1.
100000000667713100,peripheral,0.25,4,0.576539,Порогов ролей не достиг; требуется контекст. Вход: 2/119495 KZT; выход: 6/79236 KZT; k=0.66; depth=1.
100000000673868100,peripheral,0.25,30,0.677518,Порогов ролей не достиг; требуется контекст. Вход: 1/2030650 KZT; выход: 5/383000 KZT; k=0.19; depth=3.
100000000673915100,peripheral,0.1,36,0.2776,Обрыв depth=4; продолжение неизвестно. Вход: 1/20200 KZT; выход: 0/0 KZT; k=0.00; depth=4.
100000000703894100,peripheral,0.25,29,0.503763,Порогов ролей не достиг; требуется контекст. Вход: 1/120000 KZT; выход: 1/35000 KZT; k=0.29; depth=1.
100000000703902100,peripheral,0.25,2,0.302918,Порогов ролей не достиг; требуется контекст. Вход: 1/25499 KZT; выход: 0/0 KZT; k=0.00; depth=1.
100000000704700100,peripheral,0.1,24,0.2276,Обрыв depth=4; продолжение неизвестно. Вход: 1/10000 KZT; выход: 0/0 KZT; k=0.00; depth=4.
100000000706545100,consolidator,0.7,4,0.819603,Гипотеза консолидации. Вход: 3/1070300 KZT; выход: 1/75800 KZT; k=0.07; depth=1.
100000000718427100,peripheral,0.25,2,0.210036,Порогов ролей не достиг; требуется контекст. Вход: 1/6000 KZT; выход: 0/0 KZT; k=0.00; depth=2.
100000000723383100,peripheral,0.25,21,0.473603,Порогов ролей не достиг; требуется контекст. Вход: 1/6800 KZT; выход: 2/75000 KZT; k=11.03; depth=2.
100000000724540100,peripheral,0.25,17,0.499849,Порогов ролей не достиг; требуется контекст. Вход: 1/50000 KZT; выход: 1/100000 KZT; k=2.00; depth=2.
100000000733373100,peripheral,0.25,4,0.233345,Порогов ролей не достиг; требуется контекст. Вход: 1/10710 KZT; выход: 0/0 KZT; k=0.00; depth=2.
100000000733451100,peripheral,0.25,13,0.56355,Порогов ролей не достиг; требуется контекст. Вход: 1/70000 KZT; выход: 1/300000 KZT; k=4.29; depth=3.
100000000733940100,peripheral,0.1,31,0.551621,Обрыв depth=4; продолжение неизвестно. Вход: 1/752000 KZT; выход: 0/0 KZT; k=0.00; depth=4.
100000000737152100,peripheral,0.1,1,0.329023,Обрыв depth=4; продолжение неизвестно. Вход: 1/35000 KZT; выход: 0/0 KZT; k=0.00; depth=4.
100000000749118100,peripheral,0.25,1,0.351806,Порогов ролей не достиг; требуется контекст. Вход: 1/10330 KZT; выход: 1/16500 KZT; k=1.60; depth=3.
100000000764836100,peripheral,0.25,6,0.575738,Порогов ролей не достиг; требуется контекст. Вход: 1/251716 KZT; выход: 2/50000 KZT; k=0.20; depth=3.
100000000765628100,peripheral,0.25,4,0.20452,Порогов ролей не достиг; требуется контекст. Вход: 1/5000 KZT; выход: 0/0 KZT; k=0.00; depth=2.
100000000769919100,terminal,0.5,60,0.563301,Гипотеза конечного получения. Вход: 1/250000 KZT; выход: 0/0 KZT; k=0.00; depth=2.
100000000782285100,peripheral,0.25,32,0.210925,Порогов ролей не достиг; требуется контекст. Вход: 1/6151 KZT; выход: 0/0 KZT; k=0.00; depth=3.
100000000783406100,peripheral,0.25,35,0.210569,Порогов ролей не достиг; требуется контекст. Вход: 1/6066 KZT; выход: 0/0 KZT; k=0.00; depth=3.
100000000785800100,transit,0.6,55,0.492623,Гипотеза транзита. Вход: 1/19000 KZT; выход: 1/19000 KZT; k=1.00; depth=2.
100000000790311100,peripheral,0.25,15,0.355943,Порогов ролей не достиг; требуется контекст. Вход: 1/46300 KZT; выход: 0/0 KZT; k=0.00; depth=2.
100000000791285100,peripheral,0.25,26,0.658212,Порогов ролей не достиг; требуется контекст. Вход: 1/1120000 KZT; выход: 3/650000 KZT; k=0.58; depth=3.
100000000795033100,peripheral,0.25,1,0.27,Порогов ролей не достиг; требуется контекст. Вход: 1/18200 KZT; выход: 0/0 KZT; k=0.00; depth=2.
100000000795129100,terminal,0.5,15,0.580027,Гипотеза конечного получения. Вход: 1/332000 KZT; выход: 0/0 KZT; k=0.00; depth=2.
100000000795374100,peripheral,0.25,6,0.368932,Порогов ролей не достиг; требуется контекст. Вход: 1/50000 KZT; выход: 0/0 KZT; k=0.00; depth=3.
100000000802149100,peripheral,0.25,1,0.431388,Порогов ролей не достиг; требуется контекст. Вход: 1/104128 KZT; выход: 0/0 KZT; k=0.00; depth=3.
100000000803368100,peripheral,0.1,14,0.444326,Обрыв depth=4; продолжение неизвестно. Вход: 1/139503 KZT; выход: 0/0 KZT; k=0.00; depth=4.
100000000806727100,peripheral,0.25,3,0.412304,Порогов ролей не достиг; требуется контекст. Вход: 1/45000 KZT; выход: 1/5000 KZT; k=0.11; depth=2.
100000000810551100,peripheral,0.25,3,0.476539,Порогов ролей не достиг; требуется контекст. Вход: 1/100000 KZT; выход: 1/7100 KZT; k=0.07; depth=1.
100000000817146100,peripheral,0.25,4,0.396335,Порогов ролей не достиг; требуется контекст. Вход: 1/70020 KZT; выход: 0/0 KZT; k=0.00; depth=1.
100000000821507100,terminal,0.5,30,0.593372,Гипотеза конечного получения. Вход: 1/400000 KZT; выход: 0/0 KZT; k=0.00; depth=2.
100000000831684100,peripheral,0.25,11,0.434368,Порогов ролей не достиг; требуется контекст. Вход: 1/15000 KZT; выход: 1/50000 KZT; k=3.33; depth=2.
100000000838385100,peripheral,0.25,28,0.617731,Порогов ролей не достиг; требуется контекст. Вход: 1/436900 KZT; выход: 2/177500 KZT; k=0.41; depth=3.
100000000850297100,transit,0.6,10,0.486573,Гипотеза транзита. Вход: 1/17520 KZT; выход: 1/17520 KZT; k=1.00; depth=2.
100000000860514100,peripheral,0.25,25,0.430988,Порогов ролей не достиг; требуется контекст. Вход: 1/12000 KZT; выход: 1/50000 KZT; k=4.17; depth=3.
100000000861294100,peripheral,0.25,8,0.456477,Порогов ролей не достиг; требуется контекст. Вход: 1/150000 KZT; выход: 0/0 KZT; k=0.00; depth=2.
100000000870121100,peripheral,0.25,13,0.237794,Порогов ролей не достиг; требуется контекст. Вход: 1/12000 KZT; выход: 0/0 KZT; k=0.00; depth=3.
100000000878006100,peripheral,0.25,7,0.358256,Порогов ролей не достиг; требуется контекст. Вход: 1/47003 KZT; выход: 0/0 KZT; k=0.00; depth=3.
100000000896111100,terminal,0.5,23,0.57113,Гипотеза конечного получения. Вход: 1/287100 KZT; выход: 0/0 KZT; k=0.00; depth=3.
100000000907277100,peripheral,0.25,2,0.265907,Порогов ролей не достиг; требуется контекст. Вход: 1/17534 KZT; выход: 0/0 KZT; k=0.00; depth=1.
100000000910216100,peripheral,0.25,1,0.48597,Порогов ролей не достиг; требуется контекст. Вход: 1/71000 KZT; выход: 1/52010 KZT; k=0.73; depth=2.
100000000912487100,peripheral,0.25,3,0.2321,Порогов ролей не достиг; требуется контекст. Вход: 1/10000 KZT; выход: 0/0 KZT; k=0.00; depth=2.
100000000913911100,peripheral,0.25,3,0.636059,Порогов ролей не достиг; требуется контекст. Вход: 2/467000 KZT; выход: 1/600000 KZT; k=1.28; depth=2.
100000000917179100,peripheral,0.25,14,0.420178,Порогов ролей не достиг; требуется контекст. Вход: 1/94465 KZT; выход: 0/0 KZT; k=0.00; depth=2.
100000000922570100,transit,0.6,11,0.576786,Гипотеза транзита. Вход: 1/47101 KZT; выход: 1/50000 KZT; k=1.06; depth=1.
100000000926078100,peripheral,0.1,6,0.491301,Обрыв depth=4; продолжение неизвестно. Вход: 1/250000 KZT; выход: 0/0 KZT; k=0.00; depth=4.
100000000926766100,peripheral,0.25,25,0.34024,Порогов ролей не достиг; требуется контекст. Вход: 1/18750 KZT; выход: 1/6000 KZT; k=0.32; depth=3.
100000000933075100,peripheral,0.25,11,0.489973,Порогов ролей не достиг; требуется контекст. Вход: 1/40000 KZT; выход: 2/55000 KZT; k=1.38; depth=3.
100000000941942100,peripheral,0.25,3,0.445801,Порогов ролей не достиг; требуется контекст. Вход: 1/130000 KZT; выход: 0/0 KZT; k=0.00; depth=1.
100000000942301100,peripheral,0.25,1,0.3821,Порогов ролей не достиг; требуется контекст. Вход: 1/57580 KZT; выход: 0/0 KZT; k=0.00; depth=3.
100000000943371100,peripheral,0.25,13,0.254342,Порогов ролей не достиг; требуется контекст. Вход: 1/15500 KZT; выход: 0/0 KZT; k=0.00; depth=2.
100000000945428100,peripheral,0.25,1,0.41484,Порогов ролей не достиг; требуется контекст. Вход: 1/89629 KZT; выход: 0/0 KZT; k=0.00; depth=1.
100000000954884100,peripheral,0.25,35,0.330676,Порогов ролей не достиг; требуется контекст. Вход: 1/34000 KZT; выход: 0/0 KZT; k=0.00; depth=3.
100000000955444100,peripheral,0.25,44,0.212705,Порогов ролей не достиг; требуется контекст. Вход: 1/6910 KZT; выход: 0/0 KZT; k=0.00; depth=2.
100000000955529100,peripheral,0.25,3,0.460347,Порогов ролей не достиг; требуется контекст. Вход: 1/27000 KZT; выход: 1/63500 KZT; k=2.35; depth=3.
100000000957746100,peripheral,0.1,16,0.201621,Обрыв depth=4; продолжение неизвестно. Вход: 1/5300 KZT; выход: 0/0 KZT; k=0.00; depth=4.
100000000961900100,peripheral,0.25,1,0.37903,Порогов ролей не достиг; требуется контекст. Вход: 2/36000 KZT; выход: 0/0 KZT; k=0.00; depth=1.
100000000967918100,peripheral,0.25,1,0.285302,Порогов ролей не достиг; требуется контекст. Вход: 1/21200 KZT; выход: 0/0 KZT; k=0.00; depth=2.
100000000968253100,peripheral,0.25,2,0.252918,Порогов ролей не достиг; требуется контекст. Вход: 1/15000 KZT; выход: 0/0 KZT; k=0.00; depth=1.
100000000971908100,peripheral,0.25,8,0.414306,Порогов ролей не достиг; требуется контекст. Вход: 1/89000 KZT; выход: 0/0 KZT; k=0.00; depth=2.
100000000976943100,transit,0.6,10,0.612374,Гипотеза транзита. Вход: 1/70000 KZT; выход: 1/84000 KZT; k=1.20; depth=3.
100000000978041100,peripheral,0.25,2,0.350961,Порогов ролей не достиг; требуется контекст. Вход: 1/44445 KZT; выход: 0/0 KZT; k=0.00; depth=1.
100000000979567100,peripheral,0.25,2,0.2321,Порогов ролей не достиг; требуется контекст. Вход: 1/10000 KZT; выход: 0/0 KZT; k=0.00; depth=2.
100000000979923100,peripheral,0.25,10,0.42427,Порогов ролей не достиг; требуется контекст. Вход: 1/97900 KZT; выход: 0/0 KZT; k=0.00; depth=1.
100000000981693100,peripheral,0.1,1,0.256425,Обрыв depth=4; продолжение неизвестно. Вход: 1/16500 KZT; выход: 0/0 KZT; k=0.00; depth=4.
100000000993112100,peripheral,0.25,33,0.450427,Порогов ролей не достиг; требуется контекст. Вход: 1/141000 KZT; выход: 0/0 KZT; k=0.00; depth=2.
100000000998559100,peripheral,0.25,3,0.429431,Порогов ролей не достиг; требуется контекст. Вход: 1/100000 KZT; выход: 0/0 KZT; k=0.00; depth=1.
100000001009583100,terminal,0.5,7,0.591237,Гипотеза конечного получения. Вход: 1/393740 KZT; выход: 0/0 KZT; k=0.00; depth=3.
100000001046057100,peripheral,0.25,5,0.408078,Порогов ролей не достиг; требуется контекст. Вход: 1/83420 KZT; выход: 0/0 KZT; k=0.00; depth=3.
100000001046626100,peripheral,0.25,7,0.456477,Порогов ролей не достиг; требуется контекст. Вход: 1/150000 KZT; выход: 0/0 KZT; k=0.00; depth=3.
100000001049200100,peripheral,0.25,18,0.528585,Порогов ролей не достиг; требуется контекст. Вход: 2/76624 KZT; выход: 4/36000 KZT; k=0.47; depth=1.
100000001052789100,peripheral,0.25,18,0.397224,Порогов ролей не достиг; требуется контекст. Вход: 1/70975 KZT; выход: 0/0 KZT; k=0.00; depth=3.
100000001052945100,peripheral,0.25,56,0.657322,Порогов ролей не достиг; требуется контекст. Вход: 1/56520 KZT; выход: 3/1595700 KZT; k=28.23; depth=3.
100000001053894100,peripheral,0.1,40,0.579023,Обрыв depth=4; продолжение неизвестно. Вход: 1/2000000 KZT; выход: 0/0 KZT; k=0.00; depth=4.
100000001056414100,terminal,0.5,12,0.563301,Гипотеза конечного получения. Вход: 1/250000 KZT; выход: 0/0 KZT; k=0.00; depth=3.
100000001063678100,peripheral,0.25,22,0.511681,Порогов ролей не достиг; требуется контекст. Вход: 1/35000 KZT; выход: 2/90000 KZT; k=2.57; depth=3.
100000001065234100,peripheral,0.1,57,0.514077,Обрыв depth=4; продолжение неизвестно. Вход: 1/360000 KZT; выход: 0/0 KZT; k=0.00; depth=4.
100000001065481100,peripheral,0.1,13,0.254646,Обрыв depth=4; продолжение неизвестно. Вход: 1/16000 KZT; выход: 0/0 KZT; k=0.00; depth=4.
100000001066017100,peripheral,0.25,1,0.577162,Порогов ролей не достиг; требуется контекст. Вход: 2/136123 KZT; выход: 4/82500 KZT; k=0.61; depth=3.
100000001072022100,consolidator,0.7,3,0.817557,Гипотеза консолидации. Вход: 3/1684000 KZT; выход: 0/0 KZT; k=0.00; depth=1.
100000001073568100,peripheral,0.25,14,0.631788,Порогов ролей не достиг; требуется контекст. Вход: 1/707465 KZT; выход: 2/219503 KZT; k=0.31; depth=3.
100000001074553100,peripheral,0.25,9,0.356966,Порогов ролей не достиг; требуется контекст. Вход: 2/28971 KZT; выход: 0/0 KZT; k=0.00; depth=1.
100000001083990100,peripheral,0.25,11,0.364128,Порогов ролей не достиг; требуется контекст. Вход: 1/49900 KZT; выход: 0/0 KZT; k=0.00; depth=2.
100000001089055100,peripheral,0.1,16,0.237386,Обрыв depth=4; продолжение неизвестно. Вход: 1/13000 KZT; выход: 0/0 KZT; k=0.00; depth=4.
100000001102676100,transit,0.6,3,0.582302,Гипотеза транзита. Вход: 1/50000 KZT; выход: 1/50000 KZT; k=1.00; depth=2.
100000001103905100,peripheral,0.25,2,0.269822,Порогов ролей не достиг; требуется контекст. Вход: 1/18000 KZT; выход: 0/0 KZT; k=0.00; depth=1.
100000001110358100,peripheral,0.25,1,0.370311,Порогов ролей не достиг; требуется контекст. Вход: 2/32000 KZT; выход: 0/0 KZT; k=0.00; depth=3.
100000001111763100,peripheral,0.25,2,0.26306,Порогов ролей не достиг; требуется контекст. Вход: 1/17144 KZT; выход: 0/0 KZT; k=0.00; depth=1.
100000001114385100,peripheral,0.25,3,0.315374,Порогов ролей не достиг; требуется контекст. Вход: 1/29500 KZT; выход: 0/0 KZT; k=0.00; depth=2.
100000001126374100,consolidator,0.7,1,0.745493,Гипотеза консолидации. Вход: 4/182500 KZT; выход: 2/29200 KZT; k=0.16; depth=1.
100000001130176100,peripheral,0.25,1,0.301673,Порогов ролей не достиг; требуется контекст. Вход: 1/25000 KZT; выход: 0/0 KZT; k=0.00; depth=3.
100000001130553100,peripheral,0.1,7,0.265322,Обрыв depth=4; продолжение неизвестно. Вход: 1/18000 KZT; выход: 0/0 KZT; k=0.00; depth=4.
100000001131403100,peripheral,0.1,56,0.573151,Обрыв depth=4; продолжение неизвестно. Вход: 1/1570000 KZT; выход: 0/0 KZT; k=0.00; depth=4.
100000001138283100,peripheral,0.25,6,0.513817,Порогов ролей не достиг; требуется контекст. Вход: 1/81805 KZT; выход: 2/50000 KZT; k=0.61; depth=3.
100000001138376100,peripheral,0.25,15,0.25363,Порогов ролей не достиг; требуется контекст. Вход: 1/15300 KZT; выход: 0/0 KZT; k=0.00; depth=2.
100000001140785100,terminal,0.5,5,0.594751,Гипотеза конечного получения. Вход: 2/215000 KZT; выход: 0/0 KZT; k=0.00; depth=3.
100000001141268100,peripheral,0.25,17,0.606343,Порогов ролей не достиг; требуется контекст. Вход: 2/480000 KZT; выход: 1/10000 KZT; k=0.02; depth=3.
100000001145749100,peripheral,0.25,3,0.2321,Порогов ролей не достиг; требуется контекст. Вход: 1/10000 KZT; выход: 0/0 KZT; k=0.00; depth=3.
100000001149815100,peripheral,0.25,2,0.237794,Порогов ролей не достиг; требуется контекст. Вход: 1/12000 KZT; выход: 0/0 KZT; k=0.00; depth=3.
100000001155773100,peripheral,0.25,2,0.285658,Порогов ролей не достиг; требуется контекст. Вход: 1/21500 KZT; выход: 0/0 KZT; k=0.00; depth=3.
100000001160401100,peripheral,0.25,1,0.359324,Порогов ролей не достиг; требуется контекст. Вход: 1/47190 KZT; выход: 0/0 KZT; k=0.00; depth=3.
100000001162560100,distributor,0.75,9,0.866343,Гипотеза распределения. Вход: 1/331300 KZT; выход: 12/2904398 KZT; k=8.77; depth=1.
100000001164648100,peripheral,0.25,19,0.286859,Порогов ролей не достиг; требуется контекст. Вход: 2/13660 KZT; выход: 0/0 KZT; k=0.00; depth=1.
100000001166289100,peripheral,0.25,2,0.623069,Порогов ролей не достиг; требуется контекст. Вход: 2/721039 KZT; выход: 1/25000 KZT; k=0.03; depth=2.
100000001169666100,peripheral,0.25,9,0.537037,Порогов ролей не достиг; требуется контекст. Вход: 1/220000 KZT; выход: 1/24000 KZT; k=0.11; depth=3.
100000001184915100,terminal,0.5,15,0.548532,Гипотеза конечного получения. Вход: 1/201000 KZT; выход: 0/0 KZT; k=0.00; depth=2.
100000001194266100,peripheral,0.25,3,0.368932,Порогов ролей не достиг; требуется контекст. Вход: 1/50000 KZT; выход: 0/0 KZT; k=0.00; depth=1.
100000001202637100,peripheral,0.1,9,0.2276,Обрыв depth=4; продолжение неизвестно. Вход: 1/10000 KZT; выход: 0/0 KZT; k=0.00; depth=4.
100000001202787100,peripheral,0.1,1,0.286986,Обрыв depth=4; продолжение неизвестно. Вход: 2/14850 KZT; выход: 0/0 KZT; k=0.00; depth=4.
100000001220124100,peripheral,0.1,6,0.339877,Обрыв depth=4; продолжение неизвестно. Вход: 1/40000 KZT; выход: 0/0 KZT; k=0.00; depth=4.
100000001222245100,peripheral,0.1,7,0.523685,Обрыв depth=4; продолжение неизвестно. Вход: 1/420000 KZT; выход: 0/0 KZT; k=0.00; depth=4.
100000001222263100,peripheral,0.25,7,0.613728,Порогов ролей не достиг; требуется контекст. Вход: 1/745570 KZT; выход: 1/420000 KZT; k=0.56; depth=3.
100000001223977100,peripheral,0.25,51,0.332945,Порогов ролей не достиг; требуется контекст. Вход: 1/5000 KZT; выход: 1/18000 KZT; k=3.60; depth=3.
100000001227106100,peripheral,0.25,7,0.464306,Порогов ролей не достиг; требуется контекст. Вход: 1/164765 KZT; выход: 0/0 KZT; k=0.00; depth=3.
100000001229743100,peripheral,0.25,1,0.302518,Порогов ролей не достиг; требуется контекст. Вход: 1/7000 KZT; выход: 1/9000 KZT; k=1.29; depth=3.
100000001232297100,peripheral,0.25,13,0.436593,Порогов ролей не достиг; требуется контекст. Вход: 1/5000 KZT; выход: 2/45000 KZT; k=9.00; depth=2.
100000001236706100,consolidator,0.7,13,0.727121,Гипотеза консолидации. Вход: 3/142700 KZT; выход: 2/36000 KZT; k=0.25; depth=3.
100000001241318100,peripheral,0.25,1,0.374982,Порогов ролей не достиг; требуется контекст. Вход: 1/53000 KZT; выход: 0/0 KZT; k=0.00; depth=2.
100000001246806100,peripheral,0.1,5,0.441301,Обрыв depth=4; продолжение неизвестно. Вход: 1/130000 KZT; выход: 0/0 KZT; k=0.00; depth=4.
100000001248999100,peripheral,0.25,16,0.290641,Порогов ролей не достиг; требуется контекст. Вход: 1/23425 KZT; выход: 0/0 KZT; k=0.00; depth=3.
100000001249054100,peripheral,0.1,9,0.260162,Обрыв depth=4; продолжение неизвестно. Вход: 1/17375 KZT; выход: 0/0 KZT; k=0.00; depth=4.
100000001250022100,peripheral,0.25,8,0.368932,Порогов ролей не достиг; требуется контекст. Вход: 1/50000 KZT; выход: 0/0 KZT; k=0.00; depth=2.
100000001251686100,peripheral,0.25,3,0.269822,Порогов ролей не достиг; требуется контекст. Вход: 1/18000 KZT; выход: 0/0 KZT; k=0.00; depth=2.
100000001252290100,peripheral,0.25,7,0.49629,Порогов ролей не достиг; требуется контекст. Вход: 1/141005 KZT; выход: 1/5000 KZT; k=0.04; depth=3.
100000001253557100,consolidator,0.7,5,0.739577,Гипотеза консолидации. Вход: 5/210200 KZT; выход: 0/0 KZT; k=0.00; depth=1.
100000001256409100,peripheral,0.1,6,0.212475,Обрыв depth=4; продолжение неизвестно. Вход: 1/8000 KZT; выход: 0/0 KZT; k=0.00; depth=4.
100000001262647100,peripheral,0.25,15,0.291886,Порогов ролей не достиг; требуется контекст. Вход: 1/23650 KZT; выход: 0/0 KZT; k=0.00; depth=2.
100000001270349100,terminal,0.5,27,0.548176,Гипотеза конечного получения. Вход: 1/200000 KZT; выход: 0/0 KZT; k=0.00; depth=3.
100000001270470100,peripheral,0.1,1,0.307493,Обрыв depth=4; продолжение неизвестно. Вход: 1/28300 KZT; выход: 0/0 KZT; k=0.00; depth=4.
100000001273783100,peripheral,0.25,10,0.290285,Порогов ролей не достиг; требуется контекст. Вход: 1/23200 KZT; выход: 0/0 KZT; k=0.00; depth=2.
100000001275557100,peripheral,0.1,22,0.277066,Обрыв depth=4; продолжение неизвестно. Вход: 1/20000 KZT; выход: 0/0 KZT; k=0.00; depth=4.
100000001275752100,peripheral,0.25,5,0.457722,Порогов ролей не достиг; требуется контекст. Вход: 1/151500 KZT; выход: 0/0 KZT; k=0.00; depth=3.
100000001276409100,peripheral,0.1,9,0.416568,Обрыв depth=4; продолжение неизвестно. Вход: 1/94760 KZT; выход: 0/0 KZT; k=0.00; depth=4.
100000001279272100,peripheral,0.25,1,0.590685,Порогов ролей не достиг; требуется контекст. Вход: 1/250000 KZT; выход: 2/136758 KZT; k=0.55; depth=3.
100000001279875100,peripheral,0.25,12,0.36306,Порогов ролей не достиг; требуется контекст. Вход: 1/49235 KZT; выход: 0/0 KZT; k=0.00; depth=2.
100000001280798100,peripheral,0.25,9,0.293665,Порогов ролей не достиг; требуется контекст. Вход: 1/23785 KZT; выход: 0/0 KZT; k=0.00; depth=3.
100000001282143100,consolidator,0.7,12,0.836374,Гипотеза консолидации. Вход: 5/1700000 KZT; выход: 0/0 KZT; k=0.00; depth=3.
100000001285440100,terminal,0.5,17,0.604181,Гипотеза конечного получения. Вход: 2/243000 KZT; выход: 0/0 KZT; k=0.00; depth=3.
100000001286703100,peripheral,0.1,40,0.278133,Обрыв depth=4; продолжение неизвестно. Вход: 1/20500 KZT; выход: 0/0 KZT; k=0.00; depth=4.
100000001287955100,peripheral,0.25,12,0.59758,Порогов ролей не достиг; требуется контекст. Вход: 1/17520 KZT; выход: 4/310000 KZT; k=17.69; depth=2.
100000001290243100,peripheral,0.25,4,0.2321,Порогов ролей не достиг; требуется контекст. Вход: 1/10000 KZT; выход: 0/0 KZT; k=0.00; depth=2.
100000001297206100,peripheral,0.1,1,0.207849,Обрыв depth=4; продолжение неизвестно. Вход: 1/6758 KZT; выход: 0/0 KZT; k=0.00; depth=4.
100000001298099100,peripheral,0.25,9,0.271779,Порогов ролей не достиг; требуется контекст. Вход: 1/19000 KZT; выход: 0/0 KZT; k=0.00; depth=3.
100000001299323100,peripheral,0.1,5,0.429735,Обрыв depth=4; продолжение неизвестно. Вход: 1/109000 KZT; выход: 0/0 KZT; k=0.00; depth=4.
100000001299443100,peripheral,0.1,19,0.212475,Обрыв depth=4; продолжение неизвестно. Вход: 1/8000 KZT; выход: 0/0 KZT; k=0.00; depth=4.
100000001299828100,peripheral,0.1,1,0.424931,Обрыв depth=4; продолжение неизвестно. Вход: 1/100000 KZT; выход: 0/0 KZT; k=0.00; depth=4.
100000001303311100,consolidator,0.7,17,0.829612,Гипотеза консолидации. Вход: 5/1324000 KZT; выход: 0/0 KZT; k=0.00; depth=3.
100000001307612100,peripheral,0.25,2,0.340107,Порогов ролей не достиг; требуется контекст. Вход: 1/38483 KZT; выход: 0/0 KZT; k=0.00; depth=1.
100000001308856100,peripheral,0.25,2,0.310214,Порогов ролей не достиг; требуется контекст. Вход: 1/27000 KZT; выход: 0/0 KZT; k=0.00; depth=2.
100000001311175100,peripheral,0.1,12,0.503044,Обрыв depth=4; продолжение неизвестно. Вход: 1/300000 KZT; выход: 0/0 KZT; k=0.00; depth=4.
100000001317336100,peripheral,0.25,31,0.650116,Порогов ролей не достиг; требуется контекст. Вход: 1/131196 KZT; выход: 2/1752000 KZT; k=13.35; depth=3.
100000001325618100,peripheral,0.1,19,0.215856,Обрыв depth=4; продолжение неизвестно. Вход: 1/9300 KZT; выход: 0/0 KZT; k=0.00; depth=4.
100000001329153100,peripheral,0.25,1,0.456833,Порогов ролей не достиг; требуется контекст. Вход: 1/150687 KZT; выход: 0/0 KZT; k=0.00; depth=3.
100000001330595100,peripheral,0.25,24,0.571735,Порогов ролей не достиг; требуется контекст. Вход: 3/87000 KZT; выход: 1/154000 KZT; k=1.77; depth=2.
100000001330685100,consolidator,0.7,7,0.836329,Гипотеза консолидации. Вход: 3/2435923 KZT; выход: 1/100500 KZT; k=0.04; depth=1.
100000001339466100,peripheral,0.25,3,0.321246,Порогов ролей не достиг; требуется контекст. Вход: 1/30000 KZT; выход: 0/0 KZT; k=0.00; depth=2.
100000001346560100,peripheral,0.25,3,0.394778,Порогов ролей не достиг; требуется контекст. Вход: 2/10000 KZT; выход: 1/22200 KZT; k=2.22; depth=2.
100000001362940100,peripheral,0.25,3,0.40452,Порогов ролей не достиг; требуется контекст. Вход: 1/81000 KZT; выход: 0/0 KZT; k=0.00; depth=1.
100000001363952100,peripheral,0.25,6,0.571646,Порогов ролей не достиг; требуется контекст. Вход: 2/196655 KZT; выход: 1/91000 KZT; k=0.46; depth=1.
100000001373265100,peripheral,0.25,6,0.497358,Порогов ролей не достиг; требуется контекст. Вход: 1/142482 KZT; выход: 1/5000 KZT; k=0.04; depth=3.
100000001378288100,peripheral,0.1,6,0.495215,Обрыв depth=4; продолжение неизвестно. Вход: 1/268000 KZT; выход: 0/0 KZT; k=0.00; depth=4.
100000001379511100,peripheral,0.25,5,0.379609,Порогов ролей не достиг; требуется контекст. Вход: 1/55000 KZT; выход: 0/0 KZT; k=0.00; depth=3.
100000001380054100,peripheral,0.25,29,0.624093,Порогов ролей не достиг; требуется контекст. Вход: 2/127050 KZT; выход: 3/360000 KZT; k=2.83; depth=1.
100000001380107100,peripheral,0.25,54,0.210036,Порогов ролей не достиг; требуется контекст. Вход: 1/6000 KZT; выход: 0/0 KZT; k=0.00; depth=3.
100000001380986100,peripheral,0.25,9,0.39669,Порогов ролей не достиг; требуется контекст. Вход: 1/70170 KZT; выход: 0/0 KZT; k=0.00; depth=2.
100000001382002100,transit,0.6,1,0.589242,Гипотеза транзита. Вход: 1/55000 KZT; выход: 1/56500 KZT; k=1.03; depth=2.
100000001384826100,peripheral,0.25,7,0.564084,Порогов ролей не достиг; требуется контекст. Вход: 1/364260 KZT; выход: 1/10000 KZT; k=0.03; depth=3.
100000001386612100,peripheral,0.25,20,0.388149,Порогов ролей не достиг; требуется контекст. Вход: 1/62264 KZT; выход: 0/0 KZT; k=0.00; depth=2.
100000001389255100,peripheral,0.25,2,0.259324,Порогов ролей не достиг; требуется контекст. Вход: 1/16136 KZT; выход: 0/0 KZT; k=0.00; depth=1.
100000001411870100,terminal,0.5,8,0.673754,Гипотеза конечного получения. Вход: 2/900000 KZT; выход: 0/0 KZT; k=0.00; depth=1.
100000001415126100,peripheral,0.1,20,0.305714,Seed только получатель; роль не установлена. Вход: 1/27000 KZT; выход: 0/0 KZT; k=0.00; depth=0.
100000001418900100,peripheral,0.25,2,0.344911,Порогов ролей не достиг; требуется контекст. Вход: 1/40140 KZT; выход: 0/0 KZT; k=0.00; depth=2.
100000001420847100,peripheral,0.25,18,0.281566,Порогов ролей не достиг; требуется контекст. Вход: 1/20000 KZT; выход: 0/0 KZT; k=0.00; depth=2.
100000001427082100,peripheral,0.25,21,0.53677,Порогов ролей не достиг; требуется контекст. Вход: 1/5000 KZT; выход: 5/124900 KZT; k=24.98; depth=3.
100000001429930100,peripheral,0.1,13,0.299664,Seed только получатель; роль не установлена. Вход: 1/26000 KZT; выход: 0/0 KZT; k=0.00; depth=0.
100000001439416100,peripheral,0.25,32,0.536948,Порогов ролей не достиг; требуется контекст. Вход: 1/10000 KZT; выход: 2/165000 KZT; k=16.50; depth=3.
100000001445848100,peripheral,0.25,35,0.605899,Порогов ролей не достиг; требуется контекст. Вход: 1/546000 KZT; выход: 1/351850 KZT; k=0.64; depth=3.
100000001463701100,terminal,0.5,10,0.661299,Гипотеза конечного получения. Вход: 2/621000 KZT; выход: 0/0 KZT; k=0.00; depth=1.
100000001471706100,peripheral,0.1,20,0.516746,Обрыв depth=4; продолжение неизвестно. Вход: 1/377000 KZT; выход: 0/0 KZT; k=0.00; depth=4.
100000001477796100,terminal,0.5,3,0.538746,Гипотеза конечного получения. Вход: 1/182000 KZT; выход: 0/0 KZT; k=0.00; depth=1.
100000001484381100,peripheral,0.25,9,0.466041,Порогов ролей не достиг; требуется контекст. Вход: 2/95585 KZT; выход: 0/0 KZT; k=0.00; depth=3.
100000001490461100,peripheral,0.25,9,0.345044,Порогов ролей не достиг; требуется контекст. Вход: 1/20000 KZT; выход: 1/5000 KZT; k=0.25; depth=2.
100000001498732100,peripheral,0.1,5,0.203222,Обрыв depth=4; продолжение неизвестно. Вход: 1/5500 KZT; выход: 0/0 KZT; k=0.00; depth=4.
100000001524952100,peripheral,0.25,1,0.43121,Порогов ролей не достиг; требуется контекст. Вход: 1/103807 KZT; выход: 0/0 KZT; k=0.00; depth=1.
100000001526235100,peripheral,0.25,25,0.645756,Порогов ролей не достиг; требуется контекст. Вход: 3/82000 KZT; выход: 8/432750 KZT; k=5.28; depth=2.
100000001527186100,terminal,0.5,3,0.620774,Гипотеза конечного получения. Вход: 1/678000 KZT; выход: 0/0 KZT; k=0.00; depth=1.
100000001530709100,peripheral,0.25,1,0.37694,Порогов ролей не достиг; требуется контекст. Вход: 1/53961 KZT; выход: 0/0 KZT; k=0.00; depth=3.
100000001530740100,peripheral,0.25,4,0.252918,Порогов ролей не достиг; требуется контекст. Вход: 1/15000 KZT; выход: 0/0 KZT; k=0.00; depth=2.
100000001530983100,coordinator,0.65,4,0.878986,Гипотеза связующего узла. Вход: 4/564158 KZT; выход: 11/1829538 KZT; k=3.24; depth=1.
100000001533161100,peripheral,0.1,45,0.424931,Обрыв depth=4; продолжение неизвестно. Вход: 1/100000 KZT; выход: 0/0 KZT; k=0.00; depth=4.
100000001534244100,peripheral,0.25,5,0.5946,Порогов ролей не достиг; требуется контекст. Вход: 2/366000 KZT; выход: 1/45000 KZT; k=0.12; depth=3.
100000001537524100,peripheral,0.1,12,0.451977,Обрыв depth=4; продолжение неизвестно. Вход: 1/150000 KZT; выход: 0/0 KZT; k=0.00; depth=4.
100000001538095100,terminal,0.5,12,0.6129,Гипотеза конечного получения. Вход: 2/280000 KZT; выход: 0/0 KZT; k=0.00; depth=3.
100000001541418100,peripheral,0.25,9,0.466753,Порогов ролей не достиг; требуется контекст. Вход: 2/96900 KZT; выход: 0/0 KZT; k=0.00; depth=2.
100000001549194100,peripheral,0.25,14,0.356299,Порогов ролей не достиг; требуется контекст. Вход: 1/46500 KZT; выход: 0/0 KZT; k=0.00; depth=3.
100000001550388100,peripheral,0.25,1,0.368932,Порогов ролей не достиг; требуется контекст. Вход: 1/50000 KZT; выход: 0/0 KZT; k=0.00; depth=1.
100000001550419100,peripheral,0.25,14,0.289573,Порогов ролей не достиг; требуется контекст. Вход: 1/23000 KZT; выход: 0/0 KZT; k=0.00; depth=3.
100000001554432100,peripheral,0.25,3,0.376762,Порогов ролей не достиг; требуется контекст. Вход: 1/53920 KZT; выход: 0/0 KZT; k=0.00; depth=1.
100000001557930100,peripheral,0.25,8,0.331388,Порогов ролей не достиг; требуется контекст. Вход: 1/34610 KZT; выход: 0/0 KZT; k=0.00; depth=2.
100000001567366100,terminal,0.5,4,0.627536,Гипотеза конечного получения. Вход: 1/824070 KZT; выход: 0/0 KZT; k=0.00; depth=1.
100000001578517100,peripheral,0.25,4,0.321246,Порогов ролей не достиг; требуется контекст. Вход: 1/30000 KZT; выход: 0/0 KZT; k=0.00; depth=2.
100000001584286100,terminal,0.5,12,0.665925,Гипотеза конечного получения. Вход: 2/738699 KZT; выход: 0/0 KZT; k=0.00; depth=2.
100000001590795100,peripheral,0.1,19,0.200198,Обрыв depth=4; продолжение неизвестно. Вход: 1/5060 KZT; выход: 0/0 KZT; k=0.00; depth=4.
100000001597424100,peripheral,0.25,14,0.361103,Порогов ролей не достиг; требуется контекст. Вход: 1/48100 KZT; выход: 0/0 KZT; k=0.00; depth=3.
100000001597505100,peripheral,0.25,33,0.38508,Порогов ролей не достиг; требуется контекст. Вход: 1/26460 KZT; выход: 1/12920 KZT; k=0.49; depth=2.
100000001598625100,peripheral,0.1,6,0.297173,Обрыв depth=4; продолжение неизвестно. Вход: 1/25000 KZT; выход: 0/0 KZT; k=0.00; depth=4.
100000001600934100,peripheral,0.25,6,0.518354,Порогов ролей не достиг; требуется контекст. Вход: 1/180300 KZT; выход: 1/11000 KZT; k=0.06; depth=3.
100000001601320100,transit,0.6,8,0.592178,Гипотеза транзита. Вход: 2/43500 KZT; выход: 1/46200 KZT; k=1.06; depth=2.
100000001609499100,consolidator,0.7,1,0.759683,Гипотеза консолидации. Вход: 3/263113 KZT; выход: 2/21000 KZT; k=0.08; depth=1.
100000001611488100,terminal,0.5,7,0.668238,Гипотеза конечного получения. Вход: 2/779300 KZT; выход: 0/0 KZT; k=0.00; depth=3.
100000001616816100,peripheral,0.2,8,0.615609,Порогов ролей не достиг; требуется контекст. Вход seed неполон. Вход: 5/176195 KZT; выход: 3/181326 KZT; k=1.03; depth=0.
100000001632325100,peripheral,0.25,2,0.411103,Порогов ролей не достиг; требуется контекст. Вход: 1/85600 KZT; выход: 0/0 KZT; k=0.00; depth=3.
100000001633685100,consolidator,0.7,1,0.59318,Гипотеза консолидации. Вход: 3/45000 KZT; выход: 0/0 KZT; k=0.00; depth=2.
100000001637376100,peripheral,0.25,7,0.559991,Порогов ролей не достиг; требуется контекст. Вход: 1/116700 KZT; выход: 1/234250 KZT; k=2.01; depth=3.
100000001639766100,peripheral,0.25,8,0.281566,Порогов ролей не достиг; требуется контекст. Вход: 1/20000 KZT; выход: 0/0 KZT; k=0.00; depth=3.
100000001641789100,peripheral,0.25,8,0.267153,Порогов ролей не достиг; требуется контекст. Вход: 1/17826 KZT; выход: 0/0 KZT; k=0.00; depth=1.
100000001641951100,peripheral,0.25,3,0.301673,Порогов ролей не достиг; требуется контекст. Вход: 1/25000 KZT; выход: 0/0 KZT; k=0.00; depth=2.
100000001648936100,peripheral,0.25,8,0.418577,Порогов ролей не достиг; требуется контекст. Вход: 1/92740 KZT; выход: 0/0 KZT; k=0.00; depth=2.
100000001650895100,peripheral,0.25,9,0.506966,Порогов ролей не достиг; требуется контекст. Вход: 1/153500 KZT; выход: 1/10000 KZT; k=0.07; depth=3.
100000001660397100,transit,0.6,1,0.619536,Гипотеза транзита. Вход: 2/48600 KZT; выход: 3/49000 KZT; k=1.01; depth=1.
100000001669260100,peripheral,0.1,6,0.53703,Обрыв depth=4; продолжение неизвестно. Вход: 1/500000 KZT; выход: 0/0 KZT; k=0.00; depth=4.
100000001674850100,terminal,0.5,5,0.602046,Гипотеза конечного получения. Вход: 2/237000 KZT; выход: 0/0 KZT; k=0.00; depth=3.
100000001677389100,peripheral,0.25,16,0.303407,Порогов ролей не достиг; требуется контекст. Вход: 1/11000 KZT; выход: 1/5400 KZT; k=0.49; depth=3.
100000001677929100,peripheral,0.25,8,0.613416,Порогов ролей не достиг; требуется контекст. Вход: 3/126777 KZT; выход: 2/286098 KZT; k=2.26; depth=2.
100000001680944100,terminal,0.5,17,0.590881,Гипотеза конечного получения. Вход: 1/393000 KZT; выход: 0/0 KZT; k=0.00; depth=3.
100000001684867100,peripheral,0.25,4,0.322135,Порогов ролей не достиг; требуется контекст. Вход: 1/30550 KZT; выход: 0/0 KZT; k=0.00; depth=1.
100000001686328100,peripheral,0.25,5,0.449715,Порогов ролей не достиг; требуется контекст. Вход: 1/140000 KZT; выход: 0/0 KZT; k=0.00; depth=3.
100000001688676100,peripheral,0.25,18,0.446868,Порогов ролей не достиг; требуется контекст. Вход: 1/133700 KZT; выход: 0/0 KZT; k=0.00; depth=3.
100000001689968100,consolidator,0.7,7,0.752966,Гипотеза консолидации. Вход: 3/344334 KZT; выход: 0/0 KZT; k=0.00; depth=3.
100000001690439100,peripheral,0.25,1,0.246512,Порогов ролей не достиг; требуется контекст. Вход: 1/14200 KZT; выход: 0/0 KZT; k=0.00; depth=3.
100000001690558100,terminal,0.5,18,0.622731,Гипотеза конечного получения. Вход: 1/740000 KZT; выход: 0/0 KZT; k=0.00; depth=3.
100000001696818100,peripheral,0.25,3,0.37605,Порогов ролей не достиг; требуется контекст. Вход: 1/53550 KZT; выход: 0/0 KZT; k=0.00; depth=1.
100000001697501100,coordinator,0.65,2,0.876584,Гипотеза связующего узла. Вход: 3/123700 KZT; выход: 38/1482606 KZT; k=11.99; depth=1.
100000001703168100,peripheral,0.25,3,0.490774,Порогов ролей не достиг; требуется контекст. Вход: 1/45000 KZT; выход: 1/90000 KZT; k=2.00; depth=2.
100000001714173100,terminal,0.5,17,0.619351,Гипотеза конечного получения. Вход: 1/638905 KZT; выход: 0/0 KZT; k=0.00; depth=3.
100000001714413100,terminal,0.5,7,0.563479,Гипотеза конечного получения. Вход: 1/250172 KZT; выход: 0/0 KZT; k=0.00; depth=3.
100000001714883100,peripheral,0.1,19,0.208027,Обрыв depth=4; продолжение неизвестно. Вход: 1/6900 KZT; выход: 0/0 KZT; k=0.00; depth=4.
100000001716579100,peripheral,0.25,2,0.244021,Порогов ролей не достиг; требуется контекст. Вход: 1/13916 KZT; выход: 0/0 KZT; k=0.00; depth=1.
100000001724740100,peripheral,0.1,5,0.467991,Обрыв depth=4; продолжение неизвестно. Вход: 1/185000 KZT; выход: 0/0 KZT; k=0.00; depth=4.
100000001726614100,peripheral,0.25,1,0.44847,Порогов ролей не достиг; требуется контекст. Вход: 1/138717 KZT; выход: 0/0 KZT; k=0.00; depth=3.
100000001732159100,peripheral,0.2,38,0.680644,Порогов ролей не достиг; требуется контекст. Вход seed неполон. Вход: 2/2378100 KZT; выход: 4/1505966 KZT; k=0.63; depth=0.
100000001733216100,peripheral,0.1,61,0.38187,Обрыв depth=4; продолжение неизвестно. Вход: 1/60000 KZT; выход: 0/0 KZT; k=0.00; depth=4.
100000001733687100,terminal,0.5,5,0.575044,Гипотеза конечного получения. Вход: 1/300000 KZT; выход: 0/0 KZT; k=0.00; depth=3.
100000001737722100,peripheral,0.25,3,0.386726,Порогов ролей не достиг; требуется контекст. Вход: 1/60460 KZT; выход: 0/0 KZT; k=0.00; depth=2.
100000001740277100,peripheral,0.25,8,0.287037,Порогов ролей не достиг; требуется контекст. Вход: 1/8700 KZT; выход: 1/5000 KZT; k=0.57; depth=3.
100000001745217100,peripheral,0.25,1,0.368932,Порогов ролей не достиг; требуется контекст. Вход: 1/50000 KZT; выход: 0/0 KZT; k=0.00; depth=3.
100000001746925100,peripheral,0.25,3,0.44024,Порогов ролей не достиг; требуется контекст. Вход: 1/65250 KZT; выход: 1/5000 KZT; k=0.08; depth=1.
100000001782980100,peripheral,0.25,29,0.595756,Порогов ролей не достиг; требуется контекст. Вход: 1/50000 KZT; выход: 1/596200 KZT; k=11.92; depth=2.
100000001784279100,peripheral,0.25,1,0.334769,Порогов ролей не достиг; требуется контекст. Вход: 1/35674 KZT; выход: 0/0 KZT; k=0.00; depth=3.
100000001785161100,peripheral,0.25,30,0.364617,Порогов ролей не достиг; требуется контекст. Вход: 2/30000 KZT; выход: 0/0 KZT; k=0.00; depth=3.
100000001788284100,peripheral,0.25,25,0.600472,Порогов ролей не достиг; требуется контекст. Вход: 1/8000 KZT; выход: 5/296700 KZT; k=37.09; depth=3.
100000001805543100,peripheral,0.25,4,0.383345,Порогов ролей не достиг; требуется контекст. Вход: 1/59000 KZT; выход: 0/0 KZT; k=0.00; depth=1.
100000001808684100,peripheral,0.25,8,0.455187,Порогов ролей не достиг; требуется контекст. Вход: 1/48400 KZT; выход: 1/37700 KZT; k=0.78; depth=3.
100000001816678100,peripheral,0.1,3,0.38187,Обрыв depth=4; продолжение неизвестно. Вход: 1/60000 KZT; выход: 0/0 KZT; k=0.00; depth=4.
100000001818442100,peripheral,0.25,9,0.347758,Порогов ролей не достиг; требуется контекст. Вход: 1/42215 KZT; выход: 0/0 KZT; k=0.00; depth=3.
100000001819396100,peripheral,0.25,26,0.465374,Порогов ролей не достиг; требуется контекст. Вход: 1/166080 KZT; выход: 0/0 KZT; k=0.00; depth=3.
100000001822623100,terminal,0.5,22,0.54871,Гипотеза конечного получения. Вход: 1/201300 KZT; выход: 0/0 KZT; k=0.00; depth=2.
100000001822650100,peripheral,0.1,5,0.432226,Обрыв depth=4; продолжение неизвестно. Вход: 1/112000 KZT; выход: 0/0 KZT; k=0.00; depth=4.
100000001825934100,peripheral,0.25,37,0.491308,Порогов ролей не достиг; требуется контекст. Вход: 1/40000 KZT; выход: 1/97000 KZT; k=2.42; depth=3.
100000001831496100,peripheral,0.25,10,0.568176,Порогов ролей не достиг; требуется контекст. Вход: 1/25000 KZT; выход: 1/373000 KZT; k=14.92; depth=3.
100000001835625100,peripheral,0.25,7,0.400249,Порогов ролей не достиг; требуется контекст. Вход: 1/75130 KZT; выход: 0/0 KZT; k=0.00; depth=3.
100000001837130100,terminal,0.5,1,0.53661,Гипотеза конечного получения. Вход: 1/172900 KZT; выход: 0/0 KZT; k=0.00; depth=3.
100000001845505100,peripheral,0.1,6,0.277066,Обрыв depth=4; продолжение неизвестно. Вход: 1/20000 KZT; выход: 0/0 KZT; k=0.00; depth=4.
100000001848426100,peripheral,0.25,8,0.422491,Порогов ролей не достиг; требуется контекст. Вход: 1/95530 KZT; выход: 0/0 KZT; k=0.00; depth=2.
100000001851289100,peripheral,0.25,4,0.434413,Порогов ролей не достиг; требуется контекст. Вход: 1/109510 KZT; выход: 0/0 KZT; k=0.00; depth=1.
100000001852140100,peripheral,0.25,58,0.321246,Порогов ролей не достиг; требуется контекст. Вход: 1/30000 KZT; выход: 0/0 KZT; k=0.00; depth=3.
100000001853812100,peripheral,0.25,6,0.396157,Порогов ролей не достиг; требуется контекст. Вход: 1/70000 KZT; выход: 0/0 KZT; k=0.00; depth=3.
100000001857829100,coordinator,0.65,6,0.885258,Гипотеза связующего узла. Вход: 6/888535 KZT; выход: 16/2390993 KZT; k=2.69; depth=2.
100000001860090100,peripheral,0.25,8,0.20452,Порогов ролей не достиг; требуется контекст. Вход: 1/5000 KZT; выход: 0/0 KZT; k=0.00; depth=3.
100000001870116100,peripheral,0.25,2,0.295267,Порогов ролей не достиг; требуется контекст. Вход: 1/24000 KZT; выход: 0/0 KZT; k=0.00; depth=1.
100000001872484100,peripheral,0.25,55,0.652874,Порогов ролей не достиг; требуется контекст. Вход: 1/871400 KZT; выход: 3/514580 KZT; k=0.59; depth=1.
100000001875167100,terminal,0.5,7,0.633763,Гипотеза конечного получения. Вход: 1/1000000 KZT; выход: 0/0 KZT; k=0.00; depth=3.
100000001875239100,consolidator,0.7,5,0.793002,Гипотеза консолидации. Вход: 3/712000 KZT; выход: 0/0 KZT; k=0.00; depth=3.
100000001884825100,consolidator,0.7,5,0.778233,Гипотеза консолидации. Вход: 3/495000 KZT; выход: 0/0 KZT; k=0.00; depth=3.
100000001887715100,peripheral,0.25,17,0.663016,Порогов ролей не достиг; требуется контекст. Вход: 3/1331500 KZT; выход: 1/750000 KZT; k=0.56; depth=3.
100000001893287100,peripheral,0.25,8,0.511948,Порогов ролей не достиг; требуется контекст. Вход: 1/18000 KZT; выход: 1/152700 KZT; k=8.48; depth=3.
100000001899164100,consolidator,0.7,11,0.785573,Гипотеза консолидации. Вход: 4/291675 KZT; выход: 3/76500 KZT; k=0.26; depth=1.
100000001904863100,terminal,0.5,14,0.60903,Гипотеза конечного получения. Вход: 1/500000 KZT; выход: 0/0 KZT; k=0.00; depth=2.
100000001924185100,peripheral,0.25,10,0.500738,Порогов ролей не достиг; требуется контекст. Вход: 2/151000 KZT; выход: 0/0 KZT; k=0.00; depth=1.
100000001927599100,terminal,0.5,9,0.584431,Гипотеза конечного получения. Вход: 2/188000 KZT; выход: 0/0 KZT; k=0.00; depth=3.
100000001929088100,terminal,0.5,8,0.634964,Гипотеза конечного получения. Вход: 2/396010 KZT; выход: 0/0 KZT; k=0.00; depth=1.
100000001934935100,peripheral,0.25,1,0.440819,Порогов ролей не достиг; требуется контекст. Вход: 1/118935 KZT; выход: 0/0 KZT; k=0.00; depth=3.
100000001937767100,peripheral,0.25,14,0.66911,Порогов ролей не достиг; требуется контекст. Вход: 1/53000 KZT; выход: 4/1933000 KZT; k=36.47; depth=1.
100000001952325100,peripheral,0.25,2,0.402384,Порогов ролей не достиг; требуется контекст. Вход: 1/77888 KZT; выход: 0/0 KZT; k=0.00; depth=1.
100000001953577100,peripheral,0.25,2,0.255943,Порогов ролей не достиг; требуется контекст. Вход: 1/15600 KZT; выход: 0/0 KZT; k=0.00; depth=1.
100000001954534100,peripheral,0.25,1,0.418354,Порогов ролей не достиг; требуется контекст. Вход: 1/13000 KZT; выход: 1/40000 KZT; k=3.08; depth=3.
100000001954903100,peripheral,0.25,10,0.310569,Порогов ролей не достиг; требуется контекст. Вход: 1/27118 KZT; выход: 0/0 KZT; k=0.00; depth=2.
100000001957974100,peripheral,0.1,14,0.53703,Обрыв depth=4; продолжение неизвестно. Вход: 1/500000 KZT; выход: 0/0 KZT; k=0.00; depth=4.
100000001960517100,terminal,0.5,8,0.548176,Гипотеза конечного получения. Вход: 1/200000 KZT; выход: 0/0 KZT; k=0.00; depth=1.
100000001961048100,peripheral,0.25,30,0.456477,Порогов ролей не достиг; требуется контекст. Вход: 1/150000 KZT; выход: 0/0 KZT; k=0.00; depth=2.
100000001965374100,peripheral,0.25,23,0.678719,Порогов ролей не достиг; требуется контекст. Вход: 2/1759720 KZT; выход: 3/3082100 KZT; k=1.75; depth=2.
100000001969496100,peripheral,0.25,14,0.287972,Порогов ролей не достиг; требуется контекст. Вход: 1/22740 KZT; выход: 0/0 KZT; k=0.00; depth=3.
100000001985793100,terminal,0.5,27,0.595685,Гипотеза конечного получения. Вход: 1/420000 KZT; выход: 0/0 KZT; k=0.00; depth=2.
100000001987030100,peripheral,0.25,15,0.43161,Порогов ролей не достиг; требуется контекст. Вход: 2/30864 KZT; выход: 1/19000 KZT; k=0.62; depth=1.
100000001991973100,peripheral,0.1,19,0.278489,Обрыв depth=4; продолжение неизвестно. Вход: 1/20800 KZT; выход: 0/0 KZT; k=0.00; depth=4.
100000002015633100,peripheral,0.25,7,0.421246,Порогов ролей не достиг; требуется контекст. Вход: 1/94970 KZT; выход: 0/0 KZT; k=0.00; depth=3.
100000002028158100,peripheral,0.25,15,0.331744,Порогов ролей не достиг; требуется контекст. Вход: 1/34800 KZT; выход: 0/0 KZT; k=0.00; depth=2.
100000002032323100,peripheral,0.25,5,0.616575,Порогов ролей не достиг; требуется контекст. Вход: 1/300000 KZT; выход: 1/1050000 KZT; k=3.50; depth=3.
100000002087788100,peripheral,0.25,7,0.429609,Порогов ролей не достиг; требуется контекст. Вход: 1/100500 KZT; выход: 0/0 KZT; k=0.00; depth=2.
100000002095257100,peripheral,0.25,11,0.217865,Порогов ролей не достиг; требуется контекст. Вход: 1/8500 KZT; выход: 0/0 KZT; k=0.00; depth=3.
100000002103448100,peripheral,0.25,2,0.310214,Порогов ролей не достиг; требуется контекст. Вход: 1/27000 KZT; выход: 0/0 KZT; k=0.00; depth=3.
100000002109656100,terminal,0.5,12,0.60903,Гипотеза конечного получения. Вход: 1/500000 KZT; выход: 0/0 KZT; k=0.00; depth=3.
100000002116705100,peripheral,0.25,2,0.266797,Порогов ролей не достиг; требуется контекст. Вход: 1/17600 KZT; выход: 0/0 KZT; k=0.00; depth=3.
100000002119762100,peripheral,0.1,7,0.397706,Обрыв depth=4; продолжение неизвестно. Вход: 1/77000 KZT; выход: 0/0 KZT; k=0.00; depth=4.
100000002121357100,peripheral,0.25,5,0.587126,Порогов ролей не достиг; требуется контекст. Вход: 2/255300 KZT; выход: 1/113000 KZT; k=0.44; depth=3.
100000002126791100,peripheral,0.1,5,0.567813,Обрыв depth=4; продолжение неизвестно. Вход: 1/1313000 KZT; выход: 0/0 KZT; k=0.00; depth=4.
100000002130400100,peripheral,0.1,37,0.2276,Обрыв depth=4; продолжение неизвестно. Вход: 1/10000 KZT; выход: 0/0 KZT; k=0.00; depth=4.
100000002132479100,peripheral,0.25,14,0.412304,Порогов ролей не достиг; требуется контекст. Вход: 1/30000 KZT; выход: 1/20000 KZT; k=0.67; depth=2.
100000002152857100,peripheral,0.25,27,0.664706,Порогов ролей не достиг; требуется контекст. Вход: 1/105000 KZT; выход: 5/1230000 KZT; k=11.71; depth=1.
100000002156381100,peripheral,0.25,10,0.474671,Порогов ролей не достиг; требуется контекст. Вход: 2/61000 KZT; выход: 1/21800 KZT; k=0.36; depth=2.
100000002158488100,peripheral,0.25,2,0.325516,Порогов ролей не достиг; требуется контекст. Вход: 1/31723 KZT; выход: 0/0 KZT; k=0.00; depth=1.
100000002170580100,peripheral,0.25,10,0.456477,Порогов ролей не достиг; требуется контекст. Вход: 1/150000 KZT; выход: 0/0 KZT; k=0.00; depth=2.
100000002173070100,peripheral,0.25,4,0.321246,Порогов ролей не достиг; требуется контекст. Вход: 1/30000 KZT; выход: 0/0 KZT; k=0.00; depth=2.
100000002173161100,consolidator,0.7,4,0.813642,Гипотеза консолидации. Вход: 3/1427500 KZT; выход: 0/0 KZT; k=0.00; depth=1.
100000002175422100,coordinator,0.65,31,0.86653,Гипотеза связующего узла. Вход: 3/68500 KZT; выход: 6/1621188 KZT; k=23.67; depth=2.
100000002182176100,peripheral,0.25,1,0.348114,Порогов ролей не достиг; требуется контекст. Вход: 1/42465 KZT; выход: 0/0 KZT; k=0.00; depth=1.
100000002184107100,peripheral,0.25,35,0.210569,Порогов ролей не достиг; требуется контекст. Вход: 1/6066 KZT; выход: 0/0 KZT; k=0.00; depth=3.
100000002185328100,peripheral,0.25,21,0.4821,Порогов ролей не достиг; требуется контекст. Вход: 1/15000 KZT; выход: 4/55000 KZT; k=3.67; depth=3.
100000002188586100,peripheral,0.1,9,0.335429,Обрыв depth=4; продолжение неизвестно. Вход: 1/38310 KZT; выход: 0/0 KZT; k=0.00; depth=4.
100000002188829100,terminal,0.5,3,0.593372,Гипотеза конечного получения. Вход: 1/400000 KZT; выход: 0/0 KZT; k=0.00; depth=1.
100000002193259100,peripheral,0.25,11,0.518754,Порогов ролей не достиг; требуется контекст. Вход: 2/48000 KZT; выход: 3/58000 KZT; k=1.21; depth=2.
100000002194320100,peripheral,0.1,57,0.496105,Обрыв depth=4; продолжение неизвестно. Вход: 1/275000 KZT; выход: 0/0 KZT; k=0.00; depth=4.
100000002194329100,peripheral,0.25,1,0.302028,Порогов ролей не достиг; требуется контекст. Вход: 1/25170 KZT; выход: 0/0 KZT; k=0.00; depth=3.
100000002199091100,peripheral,0.25,2,0.390996,Порогов ролей не достиг; требуется контекст. Вход: 1/65000 KZT; выход: 0/0 KZT; k=0.00; depth=2.
100000002205022100,peripheral,0.25,54,0.622625,Порогов ролей не достиг; требуется контекст. Вход: 1/7100 KZT; выход: 3/518000 KZT; k=72.96; depth=2.
100000002208836100,peripheral,0.1,7,0.411941,Обрыв depth=4; продолжение неизвестно. Вход: 1/90000 KZT; выход: 0/0 KZT; k=0.00; depth=4.
100000002211413100,peripheral,0.25,2,0.337082,Порогов ролей не достиг; требуется контекст. Вход: 1/37000 KZT; выход: 0/0 KZT; k=0.00; depth=1.
100000002212494100,peripheral,0.25,31,0.462349,Порогов ролей не достиг; требуется контекст. Вход: 1/160000 KZT; выход: 0/0 KZT; k=0.00; depth=3.
100000002214207100,peripheral,0.1,37,0.419237,Обрыв depth=4; продолжение неизвестно. Вход: 1/97000 KZT; выход: 0/0 KZT; k=0.00; depth=4.
100000002214301100,peripheral,0.25,1,0.358568,Порогов ролей не достиг; требуется контекст. Вход: 1/21438 KZT; выход: 1/8000 KZT; k=0.37; depth=1.
100000002214383100,peripheral,0.1,2,0.478667,Обрыв depth=4; продолжение неизвестно. Вход: 1/213000 KZT; выход: 0/0 KZT; k=0.00; depth=4.
100000002214570100,peripheral,0.25,2,0.307722,Порогов ролей не достиг; требуется контекст. Вход: 1/26471 KZT; выход: 0/0 KZT; k=0.00; depth=1.
100000002214664100,peripheral,0.25,2,0.453052,Порогов ролей не достиг; требуется контекст. Вход: 1/7950 KZT; выход: 1/76950 KZT; k=9.68; depth=3.
100000002216999100,peripheral,0.25,2,0.292776,Порогов ролей не достиг; требуется контекст. Вход: 1/23677 KZT; выход: 0/0 KZT; k=0.00; depth=3.
100000002217161100,peripheral,0.25,35,0.674404,Порогов ролей не достиг; требуется контекст. Вход: 2/404750 KZT; выход: 7/995132 KZT; k=2.46; depth=2.
100000002217806100,peripheral,0.1,39,0.375109,Обрыв depth=4; продолжение неизвестно. Вход: 1/55000 KZT; выход: 0/0 KZT; k=0.00; depth=4.
100000002224132100,coordinator,0.65,23,0.882544,Гипотеза связующего узла. Вход: 5/3951020 KZT; выход: 4/12115000 KZT; k=3.07; depth=2.
100000002227960100,peripheral,0.1,21,0.2276,Обрыв depth=4; продолжение неизвестно. Вход: 1/10000 KZT; выход: 0/0 KZT; k=0.00; depth=4.
100000002227989100,peripheral,0.1,21,0.277066,Обрыв depth=4; продолжение неизвестно. Вход: 1/20000 KZT; выход: 0/0 KZT; k=0.00; depth=4.
100000002229615100,peripheral,0.1,21,0.297173,Обрыв depth=4; продолжение неизвестно. Вход: 1/25000 KZT; выход: 0/0 KZT; k=0.00; depth=4.
100000002231144100,peripheral,0.1,21,0.248418,Обрыв depth=4; продолжение неизвестно. Вход: 1/15000 KZT; выход: 0/0 KZT; k=0.00; depth=4.
100000002232266100,peripheral,0.25,6,0.35452,Порогов ролей не достиг; требуется контекст. Вход: 1/45000 KZT; выход: 0/0 KZT; k=0.00; depth=3.
100000002236528100,peripheral,0.25,8,0.39153,Порогов ролей не достиг; требуется контекст. Вход: 1/66000 KZT; выход: 0/0 KZT; k=0.00; depth=3.
100000002241986100,peripheral,0.25,40,0.684858,Порогов ролей не достиг; требуется контекст. Вход: 1/280000 KZT; выход: 6/3077000 KZT; k=10.99; depth=3.
100000002242066100,peripheral,0.1,35,0.38187,Обрыв depth=4; продолжение неизвестно. Вход: 1/60000 KZT; выход: 0/0 KZT; k=0.00; depth=4.
100000002242455100,peripheral,0.1,7,0.430802,Обрыв depth=4; продолжение неизвестно. Вход: 1/110000 KZT; выход: 0/0 KZT; k=0.00; depth=4.
100000002243354100,peripheral,0.25,2,0.283167,Порогов ролей не достиг; требуется контекст. Вход: 1/20879 KZT; выход: 0/0 KZT; k=0.00; depth=1.
100000002255058100,terminal,0.5,3,0.606539,Гипотеза конечного получения. Вход: 1/491500 KZT; выход: 0/0 KZT; k=0.00; depth=3.
100000002257794100,peripheral,0.25,24,0.459502,Порогов ролей не достиг; требуется контекст. Вход: 1/154000 KZT; выход: 0/0 KZT; k=0.00; depth=3.
100000002258492100,peripheral,0.1,20,0.215322,Обрыв depth=4; продолжение неизвестно. Вход: 1/9000 KZT; выход: 0/0 KZT; k=0.00; depth=4.
100000002267998100,peripheral,0.25,22,0.66306,Порогов ролей не достиг; требуется контекст. Вход: 2/420000 KZT; выход: 3/1115000 KZT; k=2.65; depth=2.
100000002284426100,peripheral,0.25,7,0.416441,Порогов ролей не достиг; требуется контекст. Вход: 1/90000 KZT; выход: 0/0 KZT; k=0.00; depth=3.
100000002289937100,peripheral,0.25,2,0.281566,Порогов ролей не достиг; требуется контекст. Вход: 1/20000 KZT; выход: 0/0 KZT; k=0.00; depth=1.
100000002293421100,transit,0.6,1,0.60152,Гипотеза транзита. Вход: 2/41000 KZT; выход: 2/47000 KZT; k=1.15; depth=2.
100000002299948100,peripheral,0.25,33,0.212171,Порогов ролей не достиг; требуется контекст. Вход: 1/6750 KZT; выход: 0/0 KZT; k=0.00; depth=2.
100000002301828100,peripheral,0.25,16,0.357367,Порогов ролей не достиг; требуется контекст. Вход: 1/46977 KZT; выход: 0/0 KZT; k=0.00; depth=3.
100000002304943100,peripheral,0.1,21,0.248418,Обрыв depth=4; продолжение неизвестно. Вход: 1/15000 KZT; выход: 0/0 KZT; k=0.00; depth=4.
100000002305007100,peripheral,0.25,2,0.380676,Порогов ролей не достиг; требуется контекст. Вход: 1/56000 KZT; выход: 0/0 KZT; k=0.00; depth=3.
100000002305477100,peripheral,0.1,21,0.277066,Обрыв depth=4; продолжение неизвестно. Вход: 1/20000 KZT; выход: 0/0 KZT; k=0.00; depth=4.
100000002306369100,peripheral,0.25,3,0.608167,Порогов ролей не достиг; требуется контекст. Вход: 1/73166 KZT; выход: 6/260900 KZT; k=3.57; depth=1.
100000002308091100,terminal,0.5,12,0.540347,Гипотеза конечного получения. Вход: 1/186720 KZT; выход: 0/0 KZT; k=0.00; depth=3.
100000002320495100,peripheral,0.1,16,0.23881,Обрыв depth=4; продолжение неизвестно. Вход: 1/13526 KZT; выход: 0/0 KZT; k=0.00; depth=4.
100000002324543100,peripheral,0.25,9,0.321601,Порогов ролей не достиг; требуется контекст. Вход: 1/30202 KZT; выход: 0/0 KZT; k=0.00; depth=1.
100000002335358100,peripheral,0.25,4,0.449715,Порогов ролей не достиг; требуется контекст. Вход: 1/140000 KZT; выход: 0/0 KZT; k=0.00; depth=2.
100000002340562100,peripheral,0.25,8,0.33637,Порогов ролей не достиг; требуется контекст. Вход: 1/36650 KZT; выход: 0/0 KZT; k=0.00; depth=2.
100000002343825100,consolidator,0.7,5,0.787263,Гипотеза консолидации. Вход: 3/350000 KZT; выход: 2/89800 KZT; k=0.26; depth=3.
100000002346166100,peripheral,0.25,2,0.210036,Порогов ролей не достиг; требуется контекст. Вход: 1/6000 KZT; выход: 0/0 KZT; k=0.00; depth=3.
100000002356167100,peripheral,0.25,7,0.579831,Порогов ролей не достиг; требуется контекст. Вход: 1/300000 KZT; выход: 2/29500 KZT; k=0.10; depth=3.
100000002369443100,peripheral,0.25,2,0.368932,Порогов ролей не достиг; требуется контекст. Вход: 1/50000 KZT; выход: 0/0 KZT; k=0.00; depth=3.
100000002369454100,peripheral,0.1,6,0.297173,Обрыв depth=4; продолжение неизвестно. Вход: 1/25000 KZT; выход: 0/0 KZT; k=0.00; depth=4.
100000002369510100,peripheral,0.25,2,0.337438,Порогов ролей не достиг; требуется контекст. Вход: 1/37150 KZT; выход: 0/0 KZT; k=0.00; depth=3.
100000002369874100,consolidator,0.7,5,0.799141,Гипотеза консолидации. Вход: 4/600000 KZT; выход: 0/0 KZT; k=0.00; depth=3.
100000002371751100,peripheral,0.25,60,0.576539,Порогов ролей не достиг; требуется контекст. Вход: 1/200000 KZT; выход: 1/250000 KZT; k=1.25; depth=1.
100000002371892100,peripheral,0.1,62,0.345037,Обрыв depth=4; продолжение неизвестно. Вход: 1/43830 KZT; выход: 0/0 KZT; k=0.00; depth=4.
100000002373144100,peripheral,0.25,1,0.42476,Порогов ролей не достиг; требуется контекст. Вход: 1/46468 KZT; выход: 1/10764 KZT; k=0.23; depth=3.
100000002373386100,peripheral,0.25,2,0.295267,Порогов ролей не достиг; требуется контекст. Вход: 1/24000 KZT; выход: 0/0 KZT; k=0.00; depth=3.
100000002380341100,peripheral,0.25,1,0.381744,Порогов ролей не достиг; требуется контекст. Вход: 1/57566 KZT; выход: 0/0 KZT; k=0.00; depth=3.
100000002391278100,peripheral,0.25,27,0.450205,Порогов ролей не достиг; требуется контекст. Вход: 1/30000 KZT; выход: 1/52700 KZT; k=1.76; depth=3.
100000002394199100,peripheral,0.25,8,0.560703,Порогов ролей не достиг; требуется контекст. Вход: 1/277398 KZT; выход: 1/76777 KZT; k=0.28; depth=3.
100000002398779100,consolidator,0.7,1,0.846205,Гипотеза консолидации. Вход: 13/1095690 KZT; выход: 1/66000 KZT; k=0.06; depth=2.
100000002404112100,peripheral,0.1,26,0.38187,Обрыв depth=4; продолжение неизвестно. Вход: 1/60000 KZT; выход: 0/0 KZT; k=0.00; depth=4.
100000002432143100,peripheral,0.25,3,0.405053,Порогов ролей не достиг; требуется контекст. Вход: 1/81310 KZT; выход: 0/0 KZT; k=0.00; depth=2.
100000002433697100,transit,0.6,7,0.645648,Гипотеза транзита. Вход: 1/130000 KZT; выход: 1/110000 KZT; k=0.85; depth=3.
100000002435265100,peripheral,0.25,1,0.446512,Порогов ролей не достиг; требуется контекст. Вход: 1/132628 KZT; выход: 0/0 KZT; k=0.00; depth=3.
100000002443664100,consolidator,0.7,12,0.784817,Гипотеза консолидации. Вход: 3/556880 KZT; выход: 0/0 KZT; k=0.00; depth=2.
100000002445750100,peripheral,0.25,1,0.44718,Порогов ролей не достиг; требуется контекст. Вход: 1/70000 KZT; выход: 1/10000 KZT; k=0.14; depth=2.
100000002448088100,peripheral,0.25,21,0.433123,Порогов ролей не достиг; требуется контекст. Вход: 3/20000 KZT; выход: 1/25000 KZT; k=1.25; depth=3.
100000002454724100,peripheral,0.25,30,0.444021,Порогов ролей не достиг; требуется контекст. Вход: 1/125000 KZT; выход: 0/0 KZT; k=0.00; depth=2.
100000002457464100,peripheral,0.25,3,0.392242,Порогов ролей не достиг; требуется контекст. Вход: 1/66647 KZT; выход: 0/0 KZT; k=0.00; depth=2.
100000002459093100,peripheral,0.25,27,0.589351,Порогов ролей не достиг; требуется контекст. Вход: 1/500000 KZT; выход: 1/55000 KZT; k=0.11; depth=2.
100000002459163100,peripheral,0.25,55,0.281744,Порогов ролей не достиг; требуется контекст. Вход: 1/20180 KZT; выход: 0/0 KZT; k=0.00; depth=2.
100000002459164100,peripheral,0.25,1,0.281566,Порогов ролей не достиг; требуется контекст. Вход: 1/20000 KZT; выход: 0/0 KZT; k=0.00; depth=3.
100000002459240100,peripheral,0.25,7,0.456477,Порогов ролей не достиг; требуется контекст. Вход: 1/150000 KZT; выход: 0/0 KZT; k=0.00; depth=3.
100000002459832100,terminal,0.5,6,0.673043,Гипотеза конечного получения. Вход: 2/880606 KZT; выход: 0/0 KZT; k=0.00; depth=3.
100000002462183100,peripheral,0.25,46,0.433345,Порогов ролей не достиг; требуется контекст. Вход: 1/107500 KZT; выход: 0/0 KZT; k=0.00; depth=1.
100000002469065100,terminal,0.5,4,0.548176,Гипотеза конечного получения. Вход: 1/200000 KZT; выход: 0/0 KZT; k=0.00; depth=2.
100000002472632100,peripheral,0.25,25,0.611326,Порогов ролей не достиг; требуется контекст. Вход: 2/502400 KZT; выход: 1/20000 KZT; k=0.04; depth=3.
100000002474570100,peripheral,0.1,19,0.207671,Обрыв depth=4; продолжение неизвестно. Вход: 1/6750 KZT; выход: 0/0 KZT; k=0.00; depth=4.
100000002475601100,terminal,0.5,6,0.556895,Гипотеза конечного получения. Вход: 1/232301 KZT; выход: 0/0 KZT; k=0.00; depth=3.
100000002478829100,peripheral,0.1,21,0.326176,Обрыв depth=4; продолжение неизвестно. Вход: 1/34000 KZT; выход: 0/0 KZT; k=0.00; depth=4.
100000002479804100,peripheral,0.25,3,0.472536,Порогов ролей не достиг; требуется контекст. Вход: 1/46000 KZT; выход: 2/35300 KZT; k=0.77; depth=1.
100000002480800100,terminal,0.5,3,0.657562,Гипотеза конечного получения. Вход: 2/569251 KZT; выход: 0/0 KZT; k=0.00; depth=1.
100000002481735100,peripheral,0.25,4,0.287616,Порогов ролей не достиг; требуется контекст. Вход: 1/22436 KZT; выход: 0/0 KZT; k=0.00; depth=2.
100000002481974100,peripheral,0.25,6,0.605009,Порогов ролей не достиг; требуется контекст. Вход: 2/89447 KZT; выход: 2/318000 KZT; k=3.56; depth=3.
100000002487222100,peripheral,0.1,7,0.411941,Обрыв depth=4; продолжение неизвестно. Вход: 1/90000 KZT; выход: 0/0 KZT; k=0.00; depth=4.
100000002488629100,peripheral,0.25,8,0.398292,Порогов ролей не достиг; требуется контекст. Вход: 1/73050 KZT; выход: 0/0 KZT; k=0.00; depth=2.
100000002489253100,peripheral,0.25,4,0.371068,Порогов ролей не достиг; требуется контекст. Вход: 1/51000 KZT; выход: 0/0 KZT; k=0.00; depth=2.
100000002492277100,peripheral,0.25,3,0.448292,Порогов ролей не достиг; требуется контекст. Вход: 1/138500 KZT; выход: 0/0 KZT; k=0.00; depth=2.
100000002505277100,peripheral,0.1,61,0.38187,Обрыв depth=4; продолжение неизвестно. Вход: 1/60000 KZT; выход: 0/0 KZT; k=0.00; depth=4.
100000002506987100,peripheral,0.1,9,0.307137,Обрыв depth=4; продолжение неизвестно. Вход: 1/28200 KZT; выход: 0/0 KZT; k=0.00; depth=4.
100000002508637100,peripheral,0.25,6,0.55323,Порогов ролей не достиг; требуется контекст. Вход: 1/306410 KZT; выход: 1/8000 KZT; k=0.03; depth=3.
100000002509598100,terminal,0.5,12,0.576468,Гипотеза конечного получения. Вход: 1/305550 KZT; выход: 0/0 KZT; k=0.00; depth=3.
100000002511581100,peripheral,0.25,2,0.266797,Порогов ролей не достиг; требуется контекст. Вход: 1/17600 KZT; выход: 0/0 KZT; k=0.00; depth=3.
100000002511825100,peripheral,0.25,1,0.390996,Порогов ролей не достиг; требуется контекст. Вход: 1/65000 KZT; выход: 0/0 KZT; k=0.00; depth=1.
100000002512742100,peripheral,0.1,19,0.205536,Обрыв depth=4; продолжение неизвестно. Вход: 1/6000 KZT; выход: 0/0 KZT; k=0.00; depth=4.
100000002513028100,peripheral,0.25,59,0.592553,Порогов ролей не достиг; требуется контекст. Вход: 1/9500 KZT; выход: 3/332709 KZT; k=35.02; depth=3.
100000002514975100,peripheral,0.1,26,0.262831,Обрыв depth=4; продолжение неизвестно. Вход: 1/17920 KZT; выход: 0/0 KZT; k=0.00; depth=4.
100000002516862100,peripheral,0.1,59,0.401087,Обрыв depth=4; продолжение неизвестно. Вход: 1/81710 KZT; выход: 0/0 KZT; k=0.00; depth=4.
100000002521039100,terminal,0.5,1,0.582874,Гипотеза конечного получения. Вход: 1/349370 KZT; выход: 0/0 KZT; k=0.00; depth=3.
100000002527114100,coordinator,0.52,2,0.850351,Гипотеза связующего узла. Вход seed неполон. Вход: 3/129000 KZT; выход: 111/3289249 KZT; k=25.50; depth=0.
100000002528544100,terminal,0.5,6,0.543372,Гипотеза конечного получения. Вход: 1/192912 KZT; выход: 0/0 KZT; k=0.00; depth=3.
100000002528978100,peripheral,0.1,9,0.252689,Обрыв depth=4; продолжение неизвестно. Вход: 1/15900 KZT; выход: 0/0 KZT; k=0.00; depth=4.
100000002529877100,peripheral,0.1,12,0.484717,Обрыв depth=4; продолжение неизвестно. Вход: 1/232000 KZT; выход: 0/0 KZT; k=0.00; depth=4.
100000002529880100,peripheral,0.25,5,0.496824,Порогов ролей не достиг; требуется контекст. Вход: 2/147000 KZT; выход: 0/0 KZT; k=0.00; depth=3.
100000002530224100,peripheral,0.25,5,0.437794,Порогов ролей не достиг; требуется контекст. Вход: 1/113000 KZT; выход: 0/0 KZT; k=0.00; depth=3.
100000002531406100,transit,0.6,6,0.720025,Гипотеза транзита. Вход: 1/520000 KZT; выход: 1/500000 KZT; k=0.96; depth=3.
100000002534091100,peripheral,0.25,6,0.287438,Порогов ролей не достиг; требуется контекст. Вход: 1/22200 KZT; выход: 0/0 KZT; k=0.00; depth=3.
100000002537811100,peripheral,0.25,10,0.436504,Порогов ролей не достиг; требуется контекст. Вход: 1/52000 KZT; выход: 1/15000 KZT; k=0.29; depth=3.
100000002539625100,peripheral,0.25,5,0.420712,Порогов ролей не достиг; требуется контекст. Вход: 1/94700 KZT; выход: 0/0 KZT; k=0.00; depth=2.
100000002540033100,peripheral,0.1,17,0.2276,Обрыв depth=4; продолжение неизвестно. Вход: 1/10000 KZT; выход: 0/0 KZT; k=0.00; depth=4.
100000002540623100,peripheral,0.25,10,0.429431,Порогов ролей не достиг; требуется контекст. Вход: 1/100000 KZT; выход: 0/0 KZT; k=0.00; depth=2.
100000002546921100,peripheral,0.25,14,0.281566,Порогов ролей не достиг; требуется контекст. Вход: 1/20000 KZT; выход: 0/0 KZT; k=0.00; depth=3.
100000002547110100,consolidator,0.7,5,0.838909,Гипотеза консолидации. Вход: 6/1500000 KZT; выход: 0/0 KZT; k=0.00; depth=3.
100000002548759100,terminal,0.5,5,0.631762,Гипотеза конечного получения. Вход: 2/375000 KZT; выход: 0/0 KZT; k=0.00; depth=3.
100000002550141100,peripheral,0.25,6,0.429786,Порогов ролей не достиг; требуется контекст. Вход: 1/100586 KZT; выход: 0/0 KZT; k=0.00; depth=3.
100000002554175100,peripheral,0.25,9,0.29669,Порогов ролей не достиг; требуется контекст. Вход: 1/24621 KZT; выход: 0/0 KZT; k=0.00; depth=3.
100000002556775100,terminal,0.5,7,0.575044,Гипотеза конечного получения. Вход: 1/300000 KZT; выход: 0/0 KZT; k=0.00; depth=3.
100000002558173100,peripheral,0.25,33,0.220356,Порогов ролей не достиг; требуется контекст. Вход: 1/9300 KZT; выход: 0/0 KZT; k=0.00; depth=2.
100000002559089100,terminal,0.5,12,0.665391,Гипотеза конечного получения. Вход: 2/715000 KZT; выход: 0/0 KZT; k=0.00; depth=3.
100000002565277100,terminal,0.5,3,0.604938,Гипотеза конечного получения. Вход: 1/483319 KZT; выход: 0/0 KZT; k=0.00; depth=1.
100000002566204100,peripheral,0.25,10,0.404164,Порогов ролей не достиг; требуется контекст. Вход: 1/80805 KZT; выход: 0/0 KZT; k=0.00; depth=2.
100000002567887100,peripheral,0.25,7,0.370356,Порогов ролей не достиг; требуется контекст. Вход: 1/50915 KZT; выход: 0/0 KZT; k=0.00; depth=3.
100000002570206100,terminal,0.5,16,0.576779,Гипотеза конечного получения. Вход: 2/166960 KZT; выход: 0/0 KZT; k=0.00; depth=2.
100000002575080100,transit,0.6,15,0.455968,Гипотеза транзита. Вход: 1/13000 KZT; выход: 1/12500 KZT; k=0.96; depth=3.
100000002578405100,distributor,0.75,2,0.876619,Гипотеза распределения. Вход: 2/1200351 KZT; выход: 116/3108352 KZT; k=2.59; depth=2.
100000002578653100,peripheral,0.25,47,0.281566,Порогов ролей не достиг; требуется контекст. Вход: 1/20000 KZT; выход: 0/0 KZT; k=0.00; depth=3.
100000002580377100,peripheral,0.25,4,0.391842,Порогов ролей не достиг; требуется контекст. Вход: 1/37750 KZT; выход: 1/5000 KZT; k=0.13; depth=1.
100000002581346100,peripheral,0.25,7,0.465552,Порогов ролей не достиг; требуется контекст. Вход: 1/166400 KZT; выход: 0/0 KZT; k=0.00; depth=3.
100000002589019100,peripheral,0.25,11,0.331566,Порогов ролей не достиг; требуется контекст. Вход: 1/34710 KZT; выход: 0/0 KZT; k=0.00; depth=1.
100000002591469100,terminal,0.5,8,0.558141,Гипотеза конечного получения. Вход: 1/235670 KZT; выход: 0/0 KZT; k=0.00; depth=1.
100000002592567100,peripheral,0.25,4,0.444244,Порогов ролей не достиг; требуется контекст. Вход: 1/5297 KZT; выход: 2/48600 KZT; k=9.18; depth=1.
100000002593038100,peripheral,0.25,11,0.312883,Порогов ролей не достиг; требуется контекст. Вход: 1/28500 KZT; выход: 0/0 KZT; k=0.00; depth=2.
100000002593344100,terminal,0.5,5,0.64048,Гипотеза конечного получения. Вход: 2/431000 KZT; выход: 0/0 KZT; k=0.00; depth=3.
100000002594214100,peripheral,0.1,40,0.561763,Обрыв depth=4; продолжение неизвестно. Вход: 1/1000000 KZT; выход: 0/0 KZT; k=0.00; depth=4.
100000002596035100,terminal,0.5,10,0.556539,Гипотеза конечного получения. Вход: 1/231570 KZT; выход: 0/0 KZT; k=0.00; depth=1.
100000002596039100,peripheral,0.1,6,0.497528,Обрыв depth=4; продолжение неизвестно. Вход: 1/280000 KZT; выход: 0/0 KZT; k=0.00; depth=4.
100000002597003100,peripheral,0.25,1,0.35661,Порогов ролей не достиг; требуется контекст. Вход: 1/17700 KZT; выход: 1/11000 KZT; k=0.62; depth=1.
100000002597074100,peripheral,0.1,1,0.212475,Обрыв depth=4; продолжение неизвестно. Вход: 1/8000 KZT; выход: 0/0 KZT; k=0.00; depth=4.
100000002597623100,peripheral,0.25,1,0.260214,Порогов ролей не достиг; требуется контекст. Вход: 1/16418 KZT; выход: 0/0 KZT; k=0.00; depth=3.
100000002599729100,peripheral,0.1,1,0.386496,Обрыв depth=4; продолжение неизвестно. Вход: 1/65000 KZT; выход: 0/0 KZT; k=0.00; depth=4.
100000002600345100,peripheral,0.25,4,0.417109,Порогов ролей не достиг; требуется контекст. Вход: 2/52400 KZT; выход: 0/0 KZT; k=0.00; depth=1.
100000002603371100,peripheral,0.25,1,0.220356,Порогов ролей не достиг; требуется контекст. Вход: 1/9300 KZT; выход: 0/0 KZT; k=0.00; depth=3.
100000002603478100,peripheral,0.25,11,0.290996,Порогов ролей не достиг; требуется контекст. Вход: 1/23500 KZT; выход: 0/0 KZT; k=0.00; depth=1.
100000002603769100,consolidator,0.7,1,0.80955,Гипотеза консолидации. Вход: 3/1185368 KZT; выход: 0/0 KZT; k=0.00; depth=1.
100000002605184100,peripheral,0.25,15,0.449715,Порогов ролей не достиг; требуется контекст. Вход: 1/140000 KZT; выход: 0/0 KZT; k=0.00; depth=2.
100000002605308100,consolidator,0.7,14,0.82592,Гипотеза консолидации. Вход: 3/2569522 KZT; выход: 0/0 KZT; k=0.00; depth=2.
100000002605548100,peripheral,0.25,10,0.482767,Порогов ролей не достиг; требуется контекст. Вход: 2/116695 KZT; выход: 0/0 KZT; k=0.00; depth=1.
100000002606567100,peripheral,0.25,1,0.436681,Порогов ролей не достиг; требуется контекст. Вход: 1/14095 KZT; выход: 1/53000 KZT; k=3.76; depth=1.
100000002609774100,peripheral,0.25,9,0.377429,Порогов ролей не достиг; требуется контекст. Вход: 1/7700 KZT; выход: 1/27500 KZT; k=3.57; depth=1.
100000002611334100,peripheral,0.25,1,0.431877,Порогов ролей не достиг; требуется контекст. Вход: 1/48288 KZT; выход: 1/15500 KZT; k=0.32; depth=3.
100000002612809100,peripheral,0.25,37,0.530454,Порогов ролей не достиг; требуется контекст. Вход: 1/30000 KZT; выход: 3/114000 KZT; k=3.80; depth=3.
100000002613776100,peripheral,0.25,1,0.321246,Порогов ролей не достиг; требуется контекст. Вход: 1/30000 KZT; выход: 0/0 KZT; k=0.00; depth=2.
100000002613929100,peripheral,0.25,9,0.31306,Порогов ролей не достиг; требуется контекст. Вход: 1/28560 KZT; выход: 0/0 KZT; k=0.00; depth=3.
100000002614095100,peripheral,0.25,2,0.206121,Порогов ролей не достиг; требуется контекст. Вход: 1/5300 KZT; выход: 0/0 KZT; k=0.00; depth=3.
100000002615479100,terminal,0.5,9,0.553336,Гипотеза конечного получения. Вход: 1/220000 KZT; выход: 0/0 KZT; k=0.00; depth=1.
100000002618492100,terminal,0.5,10,0.616103,Гипотеза конечного получения. Вход: 2/296500 KZT; выход: 0/0 KZT; k=0.00; depth=1.
100000002621434100,peripheral,0.25,5,0.40452,Порогов ролей не достиг; требуется контекст. Вход: 1/81000 KZT; выход: 0/0 KZT; k=0.00; depth=3.
100000002621915100,peripheral,0.25,4,0.20452,Порогов ролей не достиг; требуется контекст. Вход: 1/5000 KZT; выход: 0/0 KZT; k=0.00; depth=2.
100000002621949100,peripheral,0.25,3,0.464128,Порогов ролей не достиг; требуется контекст. Вход: 1/164612 KZT; выход: 0/0 KZT; k=0.00; depth=1.
100000002622822100,peripheral,0.1,17,0.551443,Обрыв depth=4; продолжение неизвестно. Вход: 1/750000 KZT; выход: 0/0 KZT; k=0.00; depth=4.
100000002628146100,peripheral,0.25,33,0.321957,Порогов ролей не достиг; требуется контекст. Вход: 1/30500 KZT; выход: 0/0 KZT; k=0.00; depth=2.
100000002628576100,peripheral,0.25,7,0.65056,Порогов ролей не достиг; требуется контекст. Вход: 2/727882 KZT; выход: 2/539000 KZT; k=0.74; depth=3.
100000002632742100,terminal,0.5,5,0.601335,Гипотеза конечного получения. Вход: 2/235500 KZT; выход: 0/0 KZT; k=0.00; depth=3.
100000002633108100,terminal,0.5,14,0.578603,Гипотеза конечного получения. Вход: 1/320000 KZT; выход: 0/0 KZT; k=0.00; depth=3.
100000002633701100,terminal,0.5,9,0.566859,Гипотеза конечного получения. Вход: 1/266850 KZT; выход: 0/0 KZT; k=0.00; depth=2.
100000002635746100,peripheral,0.1,19,0.201621,Обрыв depth=4; продолжение неизвестно. Вход: 1/5300 KZT; выход: 0/0 KZT; k=0.00; depth=4.
100000002635780100,peripheral,0.25,8,0.463238,Порогов ролей не достиг; требуется контекст. Вход: 1/163000 KZT; выход: 0/0 KZT; k=0.00; depth=2.
100000002644285100,terminal,0.5,12,0.60903,Гипотеза конечного получения. Вход: 1/500000 KZT; выход: 0/0 KZT; k=0.00; depth=3.
100000002645046100,peripheral,0.1,19,0.233294,Обрыв depth=4; продолжение неизвестно. Вход: 1/12000 KZT; выход: 0/0 KZT; k=0.00; depth=4.
100000002645609100,consolidator,0.7,1,0.79487,Гипотеза консолидации. Вход: 4/546821 KZT; выход: 0/0 KZT; k=0.00; depth=1.
100000002645993100,peripheral,0.25,1,0.543043,Порогов ролей не достиг; требуется контекст. Вход: 2/49650 KZT; выход: 5/86980 KZT; k=1.75; depth=3.
100000002646745100,peripheral,0.25,2,0.239217,Порогов ролей не достиг; требуется контекст. Вход: 1/12300 KZT; выход: 0/0 KZT; k=0.00; depth=3.
100000002646887100,peripheral,0.25,5,0.296157,Порогов ролей не достиг; требуется контекст. Вход: 1/24354 KZT; выход: 0/0 KZT; k=0.00; depth=3.
100000002648315100,peripheral,0.25,8,0.549938,Порогов ролей не достиг; требуется контекст. Вход: 1/132000 KZT; выход: 2/76000 KZT; k=0.58; depth=1.
100000002653187100,peripheral,0.1,11,0.248418,Обрыв depth=4; продолжение неизвестно. Вход: 1/15000 KZT; выход: 0/0 KZT; k=0.00; depth=4.
100000002653948100,peripheral,0.25,7,0.410925,Порогов ролей не достиг; требуется контекст. Вход: 1/85200 KZT; выход: 0/0 KZT; k=0.00; depth=3.
100000002659103100,peripheral,0.1,45,0.460518,Обрыв depth=4; продолжение неизвестно. Вход: 1/165000 KZT; выход: 0/0 KZT; k=0.00; depth=4.
100000002659265100,peripheral,0.1,5,0.445927,Обрыв depth=4; продолжение неизвестно. Вход: 1/141000 KZT; выход: 0/0 KZT; k=0.00; depth=4.
100000002660298100,peripheral,0.1,9,0.318169,Обрыв depth=4; продолжение неизвестно. Вход: 1/30900 KZT; выход: 0/0 KZT; k=0.00; depth=4.
100000002662768100,peripheral,0.25,3,0.40879,Порогов ролей не достиг; требуется контекст. Вход: 1/84300 KZT; выход: 0/0 KZT; k=0.00; depth=1.
100000002663511100,terminal,0.5,1,0.567393,Гипотеза конечного получения. Вход: 1/268940 KZT; выход: 0/0 KZT; k=0.00; depth=3.
100000002666248100,peripheral,0.25,3,0.396512,Порогов ролей не достиг; требуется контекст. Вход: 1/70032 KZT; выход: 0/0 KZT; k=0.00; depth=1.
100000002670463100,peripheral,0.1,19,0.320304,Обрыв depth=4; продолжение неизвестно. Вход: 1/31500 KZT; выход: 0/0 KZT; k=0.00; depth=4.
100000002670860100,terminal,0.5,12,0.644039,Гипотеза конечного получения. Вход: 2/450000 KZT; выход: 0/0 KZT; k=0.00; depth=1.
100000002670960100,terminal,0.5,12,0.604582,Гипотеза конечного получения. Вход: 1/480310 KZT; выход: 0/0 KZT; k=0.00; depth=3.
100000002671326100,peripheral,0.1,5,0.563543,Обрыв depth=4; продолжение неизвестно. Вход: 1/1050000 KZT; выход: 0/0 KZT; k=0.00; depth=4.
100000002671806100,peripheral,0.25,11,0.239395,Порогов ролей не достиг; требуется контекст. Вход: 1/12440 KZT; выход: 0/0 KZT; k=0.00; depth=1.
100000002677201100,peripheral,0.25,5,0.534724,Порогов ролей не достиг; требуется контекст. Вход: 1/150000 KZT; выход: 1/87750 KZT; k=0.58; depth=3.
100000002679516100,consolidator,0.7,11,0.669336,Гипотеза консолидации. Вход: 3/102335 KZT; выход: 0/0 KZT; k=0.00; depth=1.
100000002680477100,peripheral,0.25,12,0.301673,Порогов ролей не достиг; требуется контекст. Вход: 1/25000 KZT; выход: 0/0 KZT; k=0.00; depth=2.
100000002681449100,peripheral,0.25,38,0.565863,Порогов ролей не достиг; требуется контекст. Вход: 2/94638 KZT; выход: 2/133000 KZT; k=1.41; depth=1.
100000002681544100,peripheral,0.25,8,0.508568,Порогов ролей не достиг; требуется контекст. Вход: 2/166072 KZT; выход: 0/0 KZT; k=0.00; depth=3.
100000002686226100,peripheral,0.1,16,0.524753,Обрыв depth=4; продолжение неизвестно. Вход: 1/430000 KZT; выход: 0/0 KZT; k=0.00; depth=4.
100000002689717100,peripheral,0.1,9,0.355714,Обрыв depth=4; продолжение неизвестно. Вход: 1/47500 KZT; выход: 0/0 KZT; k=0.00; depth=4.
100000002691583100,terminal,0.5,26,0.570596,Гипотеза конечного получения. Вход: 1/285200 KZT; выход: 0/0 KZT; k=0.00; depth=3.
100000002691858100,peripheral,0.25,33,0.372135,Порогов ролей не достиг; требуется контекст. Вход: 1/51500 KZT; выход: 0/0 KZT; k=0.00; depth=2.
100000002692044100,peripheral,0.25,11,0.423737,Порогов ролей не достиг; требуется контекст. Вход: 1/97000 KZT; выход: 0/0 KZT; k=0.00; depth=1.
100000002692750100,peripheral,0.25,8,0.552696,Порогов ролей не достиг; требуется контекст. Вход: 3/112830 KZT; выход: 1/77000 KZT; k=0.68; depth=2.
100000002695812100,peripheral,0.1,9,0.417813,Обрыв depth=4; продолжение неизвестно. Вход: 1/95000 KZT; выход: 0/0 KZT; k=0.00; depth=4.
100000002696152100,peripheral,0.25,10,0.484991,Порогов ролей не достиг; требуется контекст. Вход: 1/21800 KZT; выход: 2/69000 KZT; k=3.17; depth=3.
100000002697752100,terminal,0.5,6,0.585498,Гипотеза конечного получения. Вход: 2/190785 KZT; выход: 0/0 KZT; k=0.00; depth=3.
100000002700161100,peripheral,0.1,51,0.336496,Обрыв depth=4; продолжение неизвестно. Вход: 1/39000 KZT; выход: 0/0 KZT; k=0.00; depth=4.
100000002702968100,peripheral,0.1,9,0.32066,Обрыв depth=4; продолжение неизвестно. Вход: 1/31600 KZT; выход: 0/0 KZT; k=0.00; depth=4.
100000002703376100,peripheral,0.25,1,0.356477,Порогов ролей не достиг; требуется контекст. Вход: 1/46501 KZT; выход: 0/0 KZT; k=0.00; depth=2.
100000002704875100,consolidator,0.7,6,0.732504,Гипотеза консолидации. Вход: 3/244891 KZT; выход: 0/0 KZT; k=0.00; depth=1.
100000002705460100,peripheral,0.25,4,0.422313,Порогов ролей не достиг; требуется контекст. Вход: 1/95000 KZT; выход: 0/0 KZT; k=0.00; depth=3.
100000002706810100,peripheral,0.1,19,0.35002,Обрыв depth=4; продолжение неизвестно. Вход: 1/45000 KZT; выход: 0/0 KZT; k=0.00; depth=4.
100000002707106100,peripheral,0.1,14,0.248418,Обрыв depth=4; продолжение неизвестно. Вход: 1/15000 KZT; выход: 0/0 KZT; k=0.00; depth=4.
100000002708624100,peripheral,0.25,25,0.301673,Порогов ролей не достиг; требуется контекст. Вход: 1/25000 KZT; выход: 0/0 KZT; k=0.00; depth=3.
100000002710570100,terminal,0.5,31,0.554048,Гипотеза конечного получения. Вход: 1/225015 KZT; выход: 0/0 KZT; k=0.00; depth=2.
100000002712416100,peripheral,0.25,12,0.482945,Порогов ролей не достиг; требуется контекст. Вход: 2/116800 KZT; выход: 0/0 KZT; k=0.00; depth=3.
100000002713074100,peripheral,0.25,16,0.637304,Порогов ролей не достиг; требуется контекст. Вход: 2/700000 KZT; выход: 1/430000 KZT; k=0.61; depth=3.
100000002713974100,peripheral,0.1,6,0.364432,Обрыв depth=4; продолжение неизвестно. Вход: 1/50000 KZT; выход: 0/0 KZT; k=0.00; depth=4.
100000002718366100,consolidator,0.7,5,0.849052,Гипотеза консолидации. Вход: 6/2525000 KZT; выход: 0/0 KZT; k=0.00; depth=2.
100000002720627100,terminal,0.5,10,0.545329,Гипотеза конечного получения. Вход: 1/199300 KZT; выход: 0/0 KZT; k=0.00; depth=1.
100000002721825100,peripheral,0.25,1,0.234947,Порогов ролей не достиг; требуется контекст. Вход: 1/11000 KZT; выход: 0/0 KZT; k=0.00; depth=2.
100000002722108100,terminal,0.5,12,0.625756,Гипотеза конечного получения. Вход: 1/800000 KZT; выход: 0/0 KZT; k=0.00; depth=3.
100000002723439100,peripheral,0.1,10,0.265322,Обрыв depth=4; продолжение неизвестно. Вход: 1/18000 KZT; выход: 0/0 KZT; k=0.00; depth=4.
100000002723538100,distributor,0.75,6,0.83089,Гипотеза распределения. Вход: 3/105647 KZT; выход: 12/560499 KZT; k=5.31; depth=2.
100000002723674100,peripheral,0.1,21,0.316746,Обрыв depth=4; продолжение неизвестно. Вход: 1/30000 KZT; выход: 0/0 KZT; k=0.00; depth=4.
100000002726055100,peripheral,0.1,21,0.2276,Обрыв depth=4; продолжение неизвестно. Вход: 1/10000 KZT; выход: 0/0 KZT; k=0.00; depth=4.
100000002727288100,peripheral,0.25,15,0.259146,Порогов ролей не достиг; требуется контекст. Вход: 1/16000 KZT; выход: 0/0 KZT; k=0.00; depth=3.
100000002728246100,peripheral,0.1,7,0.2276,Обрыв depth=4; продолжение неизвестно. Вход: 1/10000 KZT; выход: 0/0 KZT; k=0.00; depth=4.
100000002729875100,peripheral,0.1,9,0.396817,Обрыв depth=4; продолжение неизвестно. Вход: 1/76000 KZT; выход: 0/0 KZT; k=0.00; depth=4.
100000002731501100,peripheral,0.25,24,0.676495,Порогов ролей не достиг; требуется контекст. Вход: 3/570370 KZT; выход: 7/833960 KZT; k=1.46; depth=1.
100000002733083100,peripheral,0.1,9,0.248774,Обрыв depth=4; продолжение неизвестно. Вход: 1/15200 KZT; выход: 0/0 KZT; k=0.00; depth=4.
100000002733905100,peripheral,0.25,2,0.645445,Порогов ролей не достиг; требуется контекст. Вход: 3/100000 KZT; выход: 2/717839 KZT; k=7.18; depth=2.
100000002734815100,peripheral,0.1,5,0.430802,Обрыв depth=4; продолжение неизвестно. Вход: 1/110000 KZT; выход: 0/0 KZT; k=0.00; depth=4.
100000002736033100,peripheral,0.25,16,0.398247,Порогов ролей не достиг; требуется контекст. Вход: 1/34530 KZT; выход: 1/11000 KZT; k=0.32; depth=3.
100000002736316100,consolidator,0.7,1,0.738198,Гипотеза консолидации. Вход: 3/266921 KZT; выход: 0/0 KZT; k=0.00; depth=3.
100000002737980100,peripheral,0.25,4,0.327829,Порогов ролей не достиг; требуется контекст. Вход: 1/32900 KZT; выход: 0/0 KZT; k=0.00; depth=3.
100000002738256100,transit,0.6,52,0.664331,Гипотеза транзита. Вход: 1/150200 KZT; выход: 1/175000 KZT; k=1.17; depth=2.
100000002741024100,peripheral,0.25,32,0.674938,Порогов ролей не достиг; требуется контекст. Вход: 5/817981 KZT; выход: 6/434989 KZT; k=0.53; depth=2.
100000002742067100,peripheral,0.25,15,0.240463,Порогов ролей не достиг; требуется контекст. Вход: 1/12730 KZT; выход: 0/0 KZT; k=0.00; depth=2.
100000002744581100,peripheral,0.25,8,0.237794,Порогов ролей не достиг; требуется контекст. Вход: 1/12000 KZT; выход: 0/0 KZT; k=0.00; depth=2.
100000002748040100,peripheral,0.1,9,0.265322,Обрыв depth=4; продолжение неизвестно. Вход: 1/18000 KZT; выход: 0/0 KZT; k=0.00; depth=4.
100000002748180100,peripheral,0.25,12,0.653763,Порогов ролей не достиг; требуется контекст. Вход: 1/9900 KZT; выход: 8/679743 KZT; k=68.66; depth=1.
100000002748511100,peripheral,0.1,4,0.277066,Обрыв depth=4; продолжение неизвестно. Вход: 1/20000 KZT; выход: 0/0 KZT; k=0.00; depth=4.
100000002748532100,peripheral,0.25,17,0.652562,Порогов ролей не достиг; требуется контекст. Вход: 3/355575 KZT; выход: 2/646685 KZT; k=1.82; depth=2.
100000002748581100,peripheral,0.25,14,0.346157,Порогов ролей не достиг; требуется контекст. Вход: 1/41180 KZT; выход: 0/0 KZT; k=0.00; depth=3.
100000002748761100,terminal,0.5,12,0.625578,Гипотеза конечного получения. Вход: 1/796800 KZT; выход: 0/0 KZT; k=0.00; depth=3.
100000002750332100,peripheral,0.25,9,0.235658,Порогов ролей не достиг; требуется контекст. Вход: 1/11360 KZT; выход: 0/0 KZT; k=0.00; depth=1.
100000002750956100,peripheral,0.25,1,0.360036,Порогов ролей не достиг; требуется контекст. Вход: 1/47416 KZT; выход: 0/0 KZT; k=0.00; depth=1.
100000002752565100,peripheral,0.1,6,0.376532,Обрыв depth=4; продолжение неизвестно. Вход: 1/57000 KZT; выход: 0/0 KZT; k=0.00; depth=4.
100000002753146100,terminal,0.5,12,0.626112,Гипотеза конечного получения. Вход: 1/803540 KZT; выход: 0/0 KZT; k=0.00; depth=3.
100000002755292100,terminal,0.5,7,0.549066,Гипотеза конечного получения. Вход: 1/203400 KZT; выход: 0/0 KZT; k=0.00; depth=3.
100000002757240100,peripheral,0.25,3,0.371601,Порогов ролей не достиг; требуется контекст. Вход: 1/51183 KZT; выход: 0/0 KZT; k=0.00; depth=2.
100000002757791100,peripheral,0.25,27,0.398292,Порогов ролей не достиг; требуется контекст. Вход: 1/73050 KZT; выход: 0/0 KZT; k=0.00; depth=3.
100000002757797100,peripheral,0.25,11,0.429431,Порогов ролей не достиг; требуется контекст. Вход: 1/100000 KZT; выход: 0/0 KZT; k=0.00; depth=1.
100000002760175100,terminal,0.5,10,0.540525,Гипотеза конечного получения. Вход: 1/187410 KZT; выход: 0/0 KZT; k=0.00; depth=1.
100000002762076100,peripheral,0.25,8,0.536059,Порогов ролей не достиг; требуется контекст. Вход: 2/140350 KZT; выход: 1/30000 KZT; k=0.21; depth=1.
100000002769809100,peripheral,0.25,18,0.437972,Порогов ролей не достиг; требуется контекст. Вход: 1/113422 KZT; выход: 0/0 KZT; k=0.00; depth=3.
100000002773323100,peripheral,0.25,5,0.643176,Порогов ролей не достиг; требуется контекст. Вход: 2/285000 KZT; выход: 1/1171644 KZT; k=4.11; depth=3.
100000002774456100,peripheral,0.25,10,0.369822,Порогов ролей не достиг; требуется контекст. Вход: 1/50363 KZT; выход: 0/0 KZT; k=0.00; depth=1.
100000002778085100,peripheral,0.25,4,0.391886,Порогов ролей не достиг; требуется контекст. Вход: 1/66208 KZT; выход: 0/0 KZT; k=0.00; depth=1.
100000002779485100,peripheral,0.25,6,0.418043,Порогов ролей не достиг; требуется контекст. Вход: 1/91000 KZT; выход: 0/0 KZT; k=0.00; depth=2.
100000002781227100,transit,0.6,63,0.721493,Гипотеза транзита. Вход: 2/191168 KZT; выход: 3/212420 KZT; k=1.11; depth=1.
100000002784085100,terminal,0.5,9,0.548176,Гипотеза конечного получения. Вход: 1/200000 KZT; выход: 0/0 KZT; k=0.00; depth=1.
100000002791494100,peripheral,0.1,9,0.407137,Обрыв depth=4; продолжение неизвестно. Вход: 1/85860 KZT; выход: 0/0 KZT; k=0.00; depth=4.
100000002793851100,peripheral,0.25,4,0.235125,Порогов ролей не достиг; требуется контекст. Вход: 1/11052 KZT; выход: 0/0 KZT; k=0.00; depth=1.
100000002793881100,consolidator,0.7,5,0.796383,Гипотеза консолидации. Вход: 3/785600 KZT; выход: 0/0 KZT; k=0.00; depth=3.
100000002794197100,peripheral,0.25,8,0.321423,Порогов ролей не достиг; требуется контекст. Вход: 1/30100 KZT; выход: 0/0 KZT; k=0.00; depth=1.
100000002794374100,peripheral,0.1,48,0.431692,Обрыв depth=4; продолжение неизвестно. Вход: 1/111000 KZT; выход: 0/0 KZT; k=0.00; depth=4.
100000002796853100,peripheral,0.25,63,0.537571,Порогов ролей не достиг; требуется контекст. Вход: 1/199000 KZT; выход: 1/46168 KZT; k=0.23; depth=2.
100000002799941100,terminal,0.5,18,0.617037,Гипотеза конечного получения. Вход: 1/600000 KZT; выход: 0/0 KZT; k=0.00; depth=3.
100000002807334100,peripheral,0.25,7,0.378185,Порогов ролей не достиг; требуется контекст. Вход: 1/54715 KZT; выход: 0/0 KZT; k=0.00; depth=3.
100000002809568100,peripheral,0.25,1,0.2321,Порогов ролей не достиг; требуется контекст. Вход: 1/10000 KZT; выход: 0/0 KZT; k=0.00; depth=1.
100000002809896100,peripheral,0.25,9,0.339751,Порогов ролей не достиг; требуется контекст. Вход: 1/38000 KZT; выход: 0/0 KZT; k=0.00; depth=3.
100000002810870100,peripheral,0.25,2,0.329253,Порогов ролей не достиг; требуется контекст. Вход: 1/33677 KZT; выход: 0/0 KZT; k=0.00; depth=1.
100000002812641100,peripheral,0.25,9,0.305543,Порогов ролей не достиг; требуется контекст. Вход: 1/10000 KZT; выход: 1/7024 KZT; k=0.70; depth=2.
100000002815005100,terminal,0.5,5,0.604404,Гипотеза конечного получения. Вход: 1/476500 KZT; выход: 0/0 KZT; k=0.00; depth=3.
100000002818726100,peripheral,0.25,13,0.233879,Порогов ролей не достиг; требуется контекст. Вход: 1/10879 KZT; выход: 0/0 KZT; k=0.00; depth=3.
100000002820010100,peripheral,0.25,8,0.321246,Порогов ролей не достиг; требуется контекст. Вход: 1/30000 KZT; выход: 0/0 KZT; k=0.00; depth=2.
100000002821425100,terminal,0.5,12,0.568105,Гипотеза конечного получения. Вход: 1/275000 KZT; выход: 0/0 KZT; k=0.00; depth=3.
100000002822472100,terminal,0.5,12,0.609875,Гипотеза конечного получения. Вход: 2/266722 KZT; выход: 0/0 KZT; k=0.00; depth=3.
100000002824176100,peripheral,0.25,8,0.451851,Порогов ролей не достиг; требуется контекст. Вход: 1/144000 KZT; выход: 0/0 KZT; k=0.00; depth=1.
100000002826669100,peripheral,0.25,1,0.461815,Порогов ролей не достиг; требуется контекст. Вход: 1/159900 KZT; выход: 0/0 KZT; k=0.00; depth=2.
100000002830055100,peripheral,0.25,2,0.245801,Порогов ролей не достиг; требуется контекст. Вход: 1/14000 KZT; выход: 0/0 KZT; k=0.00; depth=1.
100000002831727100,peripheral,0.25,18,0.450738,Порогов ролей не достиг; требуется контекст. Вход: 1/6000 KZT; выход: 1/77000 KZT; k=12.83; depth=2.
100000002832753100,peripheral,0.1,15,0.235429,Обрыв depth=4; продолжение неизвестно. Вход: 1/12500 KZT; выход: 0/0 KZT; k=0.00; depth=4.
100000002835874100,peripheral,0.1,5,0.378489,Обрыв depth=4; продолжение неизвестно. Вход: 1/58700 KZT; выход: 0/0 KZT; k=0.00; depth=4.
100000002836052100,peripheral,0.25,3,0.252918,Порогов ролей не достиг; требуется контекст. Вход: 1/15000 KZT; выход: 0/0 KZT; k=0.00; depth=2.
100000002836736100,terminal,0.5,8,0.652758,Гипотеза конечного получения. Вход: 2/509000 KZT; выход: 0/0 KZT; k=0.00; depth=1.
100000002838519100,peripheral,0.25,14,0.357011,Порогов ролей не достиг; требуется контекст. Вход: 1/46900 KZT; выход: 0/0 KZT; k=0.00; depth=3.
100000002838861100,consolidator,0.7,9,0.809194,Гипотеза консолидации. Вход: 5/554524 KZT; выход: 1/10000 KZT; k=0.02; depth=1.
100000002842321100,peripheral,0.25,7,0.462349,Порогов ролей не достиг; требуется контекст. Вход: 1/160000 KZT; выход: 0/0 KZT; k=0.00; depth=3.
100000002842337100,peripheral,0.25,8,0.368932,Порогов ролей не достиг; требуется контекст. Вход: 1/50000 KZT; выход: 0/0 KZT; k=0.00; depth=2.
100000002844652100,peripheral,0.25,8,0.387082,Порогов ролей не достиг; требуется контекст. Вход: 1/61360 KZT; выход: 0/0 KZT; k=0.00; depth=1.
100000002844897100,peripheral,0.25,9,0.233701,Порогов ролей не достиг; требуется контекст. Вход: 1/10800 KZT; выход: 0/0 KZT; k=0.00; depth=1.
100000002845605100,peripheral,0.25,1,0.381922,Порогов ролей не достиг; требуется контекст. Вход: 1/57567 KZT; выход: 0/0 KZT; k=0.00; depth=1.
100000002847207100,peripheral,0.25,3,0.355765,Порогов ролей не достиг; требуется контекст. Вход: 1/46243 KZT; выход: 0/0 KZT; k=0.00; depth=1.
100000002849158100,peripheral,0.25,5,0.662482,Порогов ролей не достиг; требуется контекст. Вход: 3/723000 KZT; выход: 1/1313000 KZT; k=1.82; depth=3.
100000002852402100,peripheral,0.25,15,0.379609,Порогов ролей не достиг; требуется контекст. Вход: 1/55000 KZT; выход: 0/0 KZT; k=0.00; depth=2.
100000002858835100,peripheral,0.25,2,0.296335,Порогов ролей не достиг; требуется контекст. Вход: 1/24400 KZT; выход: 0/0 KZT; k=0.00; depth=1.
100000002860934100,peripheral,0.1,28,0.496817,Обрыв depth=4; продолжение неизвестно. Вход: 1/279500 KZT; выход: 0/0 KZT; k=0.00; depth=4.
100000002861485100,peripheral,0.25,4,0.31484,Порогов ролей не достиг; требуется контекст. Вход: 1/29323 KZT; выход: 0/0 KZT; k=0.00; depth=1.
100000002862113100,peripheral,0.25,14,0.359858,Порогов ролей не достиг; требуется контекст. Вход: 1/47405 KZT; выход: 0/0 KZT; k=0.00; depth=3.
100000002863356100,peripheral,0.25,2,0.434368,Порогов ролей не достиг; требуется контекст. Вход: 1/45000 KZT; выход: 1/20000 KZT; k=0.44; depth=2.
100000002864256100,peripheral,0.25,3,0.44758,Порогов ролей не достиг; требуется контекст. Вход: 1/135780 KZT; выход: 0/0 KZT; k=0.00; depth=1.
100000002864680100,peripheral,0.25,11,0.380498,Порогов ролей не достиг; требуется контекст. Вход: 1/55932 KZT; выход: 0/0 KZT; k=0.00; depth=1.
100000002870463100,consolidator,0.7,8,0.734372,Гипотеза консолидации. Вход: 3/207000 KZT; выход: 1/10000 KZT; k=0.05; depth=2.
100000002870937100,peripheral,0.25,8,0.408256,Порогов ролей не достиг; требуется контекст. Вход: 1/83700 KZT; выход: 0/0 KZT; k=0.00; depth=1.
100000002871199100,peripheral,0.25,14,0.290107,Порогов ролей не достиг; требуется контекст. Вход: 1/23186 KZT; выход: 0/0 KZT; k=0.00; depth=3.
100000002872399100,terminal,0.5,8,0.636432,Гипотеза конечного получения. Вход: 1/1090000 KZT; выход: 0/0 KZT; k=0.00; depth=3.
100000002876914100,peripheral,0.1,19,0.233294,Обрыв depth=4; продолжение неизвестно. Вход: 1/12000 KZT; выход: 0/0 KZT; k=0.00; depth=4.
100000002877262100,peripheral,0.25,5,0.429431,Порогов ролей не достиг; требуется контекст. Вход: 1/100000 KZT; выход: 0/0 KZT; k=0.00; depth=3.
100000002878467100,terminal,0.5,5,0.591548,Гипотеза конечного получения. Вход: 2/200000 KZT; выход: 0/0 KZT; k=0.00; depth=3.
100000002878483100,peripheral,0.1,19,0.205536,Обрыв depth=4; продолжение неизвестно. Вход: 1/6000 KZT; выход: 0/0 KZT; k=0.00; depth=4.
100000002881669100,peripheral,0.25,11,0.270712,Порогов ролей не достиг; требуется контекст. Вход: 1/18600 KZT; выход: 0/0 KZT; k=0.00; depth=1.
100000002883402100,consolidator,0.7,5,0.746205,Гипотеза консолидации. Вход: 3/300000 KZT; выход: 0/0 KZT; k=0.00; depth=3.
100000002884708100,peripheral,0.1,5,0.566034,Обрыв depth=4; продолжение неизвестно. Вход: 1/1171644 KZT; выход: 0/0 KZT; k=0.00; depth=4.
100000002886166100,terminal,0.5,24,0.539991,Гипотеза конечного получения. Вход: 1/185000 KZT; выход: 0/0 KZT; k=0.00; depth=3.
100000002890167100,peripheral,0.25,4,0.440463,Порогов ролей не достиг; требуется контекст. Вход: 1/118150 KZT; выход: 0/0 KZT; k=0.00; depth=1.
100000002891765100,peripheral,0.25,14,0.380142,Порогов ролей не достиг; требуется контекст. Вход: 1/55576 KZT; выход: 0/0 KZT; k=0.00; depth=3.
100000002893020100,peripheral,0.25,9,0.270356,Порогов ролей не достиг; требуется контекст. Вход: 1/18340 KZT; выход: 0/0 KZT; k=0.00; depth=3.
100000002894076100,consolidator,0.7,8,0.819069,Гипотеза консолидации. Вход: 4/1122782 KZT; выход: 0/0 KZT; k=0.00; depth=1.
100000002896506100,peripheral,0.1,7,0.35002,Обрыв depth=4; продолжение неизвестно. Вход: 1/45000 KZT; выход: 0/0 KZT; k=0.00; depth=4.
100000002901457100,peripheral,0.25,1,0.613372,Порогов ролей не достиг; требуется контекст. Вход: 1/340000 KZT; выход: 3/119000 KZT; k=0.35; depth=3.
100000002904919100,peripheral,0.25,1,0.434724,Порогов ролей не достиг; требуется контекст. Вход: 1/60325 KZT; выход: 1/5500 KZT; k=0.09; depth=3.
100000002906470100,peripheral,0.25,18,0.445801,Порогов ролей не достиг; требуется контекст. Вход: 1/130000 KZT; выход: 0/0 KZT; k=0.00; depth=3.
100000002908521100,peripheral,0.25,2,0.351317,Порогов ролей не достиг; требуется контекст. Вход: 1/44500 KZT; выход: 0/0 KZT; k=0.00; depth=3.
100000002911170100,terminal,0.5,30,0.575044,Гипотеза конечного получения. Вход: 1/300000 KZT; выход: 0/0 KZT; k=0.00; depth=2.
100000002913340100,peripheral,0.25,2,0.291708,Порогов ролей не достиг; требуется контекст. Вход: 1/23600 KZT; выход: 0/0 KZT; k=0.00; depth=3.
100000002914245100,peripheral,0.25,6,0.449893,Порогов ролей не достиг; требуется контекст. Вход: 1/140611 KZT; выход: 0/0 KZT; k=0.00; depth=3.
100000002916006100,peripheral,0.2,20,0.32544,Порогов ролей не достиг; требуется контекст. Вход seed неполон. Вход: 0/0 KZT; выход: 1/32000 KZT; k=н/д; depth=0.
100000002921047100,peripheral,0.25,8,0.609368,Порогов ролей не достиг; требуется контекст. Вход: 2/338000 KZT; выход: 1/163000 KZT; k=0.48; depth=1.
100000002922000100,peripheral,0.1,45,0.527244,Обрыв depth=4; продолжение неизвестно. Вход: 1/448000 KZT; выход: 0/0 KZT; k=0.00; depth=4.
100000002926970100,peripheral,0.25,9,0.410747,Порогов ролей не достиг; требуется контекст. Вход: 1/85000 KZT; выход: 0/0 KZT; k=0.00; depth=3.
100000002933386100,peripheral,0.25,3,0.441308,Порогов ролей не достиг; требуется контекст. Вход: 1/15000 KZT; выход: 1/58000 KZT; k=3.87; depth=3.
100000002934441100,peripheral,0.25,1,0.430276,Порогов ролей не достиг; требуется контекст. Вход: 2/60846 KZT; выход: 0/0 KZT; k=0.00; depth=1.
100000002936322100,terminal,0.5,6,0.668772,Гипотеза конечного получения. Вход: 2/787133 KZT; выход: 0/0 KZT; k=0.00; depth=3.
100000002938501100,peripheral,0.25,4,0.286326,Порогов ролей не достиг; требуется контекст. Вход: 1/8395 KZT; выход: 1/5000 KZT; k=0.60; depth=1.
100000002939838100,consolidator,0.7,4,0.785706,Гипотеза консолидации. Вход: 3/571233 KZT; выход: 0/0 KZT; k=0.00; depth=1.
100000002941114100,peripheral,0.25,10,0.518443,Порогов ролей не достиг; требуется контекст. Вход: 2/128510 KZT; выход: 1/15000 KZT; k=0.12; depth=1.
100000002943472100,terminal,0.5,5,0.535721,Гипотеза конечного получения. Вход: 1/170000 KZT; выход: 0/0 KZT; k=0.00; depth=3.
100000002945031100,peripheral,0.25,13,0.252918,Порогов ролей не достиг; требуется контекст. Вход: 1/15000 KZT; выход: 0/0 KZT; k=0.00; depth=3.
100000002945626100,consolidator,0.7,5,0.78624,Гипотеза консолидации. Вход: 3/584000 KZT; выход: 0/0 KZT; k=0.00; depth=3.
100000002947299100,peripheral,0.25,3,0.410747,Порогов ролей не достиг; требуется контекст. Вход: 1/85000 KZT; выход: 0/0 KZT; k=0.00; depth=2.
100000002948492100,peripheral,0.25,14,0.292064,Порогов ролей не достиг; требуется контекст. Вход: 1/23660 KZT; выход: 0/0 KZT; k=0.00; depth=3.
100000002951898100,peripheral,0.25,14,0.34242,Порогов ролей не достиг; требуется контекст. Вход: 1/39990 KZT; выход: 0/0 KZT; k=0.00; depth=3.
100000002952631100,peripheral,0.25,4,0.360925,Порогов ролей не достиг; требуется контекст. Вход: 1/48050 KZT; выход: 0/0 KZT; k=0.00; depth=1.
100000002952756100,peripheral,0.25,10,0.358078,Порогов ролей не достиг; требуется контекст. Вход: 1/47000 KZT; выход: 0/0 KZT; k=0.00; depth=3.
100000002954780100,peripheral,0.25,5,0.44669,Порогов ролей не достиг; требуется контекст. Вход: 1/133400 KZT; выход: 0/0 KZT; k=0.00; depth=3.
100000002956769100,consolidator,0.7,12,0.799407,Гипотеза консолидации. Вход: 3/840000 KZT; выход: 0/0 KZT; k=0.00; depth=3.
100000002956779100,terminal,0.5,3,0.59444,Гипотеза конечного получения. Вход: 1/411000 KZT; выход: 0/0 KZT; k=0.00; depth=3.
100000002956898100,terminal,0.5,15,0.615391,Гипотеза конечного получения. Вход: 2/290240 KZT; выход: 0/0 KZT; k=0.00; depth=2.
100000002957306100,terminal,0.5,10,0.635854,Гипотеза конечного получения. Вход: 2/398490 KZT; выход: 0/0 KZT; k=0.00; depth=1.
100000002957787100,distributor,0.75,1,0.856557,Гипотеза распределения. Вход: 4/84956 KZT; выход: 34/1276154 KZT; k=15.02; depth=2.
100000002958139100,terminal,0.5,5,0.549956,Гипотеза конечного получения. Вход: 1/209500 KZT; выход: 0/0 KZT; k=0.00; depth=3.
100000002958286100,terminal,0.5,9,0.564546,Гипотеза конечного получения. Вход: 1/257000 KZT; выход: 0/0 KZT; k=0.00; depth=1.
100000002958343100,peripheral,0.25,8,0.659368,Порогов ролей не достиг; требуется контекст. Вход: 1/2900000 KZT; выход: 2/1390000 KZT; k=0.48; depth=2.
100000002958345100,terminal,0.5,12,0.576646,Гипотеза конечного получения. Вход: 1/307000 KZT; выход: 0/0 KZT; k=0.00; depth=3.
100000002963189100,peripheral,0.25,14,0.692731,Порогов ролей не достиг; требуется контекст. Вход: 1/490000 KZT; выход: 7/5219000 KZT; k=10.65; depth=3.
100000002964966100,terminal,0.5,3,0.548176,Гипотеза конечного получения. Вход: 1/200000 KZT; выход: 0/0 KZT; k=0.00; depth=2.
100000002968096100,peripheral,0.1,6,0.391657,Обрыв depth=4; продолжение неизвестно. Вход: 1/70000 KZT; выход: 0/0 KZT; k=0.00; depth=4.
100000002969048100,peripheral,0.25,8,0.433701,Порогов ролей не достиг; требуется контекст. Вход: 1/108470 KZT; выход: 0/0 KZT; k=0.00; depth=2.
100000002970466100,peripheral,0.25,1,0.506877,Порогов ролей не достиг; требуется контекст. Вход: 1/23317 KZT; выход: 2/93000 KZT; k=3.99; depth=3.
100000002971593100,peripheral,0.1,7,0.358205,Обрыв depth=4; продолжение неизвестно. Вход: 1/49050 KZT; выход: 0/0 KZT; k=0.00; depth=4.
100000002973903100,consolidator,0.7,11,0.657415,Гипотеза консолидации. Вход: 3/92880 KZT; выход: 0/0 KZT; k=0.00; depth=1.
100000002974256100,peripheral,0.25,11,0.214662,Порогов ролей не достиг; требуется контекст. Вход: 1/7200 KZT; выход: 0/0 KZT; k=0.00; depth=2.
100000002975287100,peripheral,0.25,16,0.252918,Порогов ролей не достиг; требуется контекст. Вход: 1/15000 KZT; выход: 0/0 KZT; k=0.00; depth=3.
100000002975437100,peripheral,0.25,31,0.588105,Порогов ролей не достиг; требуется контекст. Вход: 1/530000 KZT; выход: 1/8500 KZT; k=0.02; depth=3.
100000002981489100,peripheral,0.1,7,0.2276,Обрыв depth=4; продолжение неизвестно. Вход: 1/10000 KZT; выход: 0/0 KZT; k=0.00; depth=4.
100000002981527100,terminal,0.5,9,0.533941,Гипотеза конечного получения. Вход: 1/168000 KZT; выход: 0/0 KZT; k=0.00; depth=1.
100000002982252100,peripheral,0.25,2,0.282456,Порогов ролей не достиг; требуется контекст. Вход: 1/20320 KZT; выход: 0/0 KZT; k=0.00; depth=1.
100000002983426100,peripheral,0.25,9,0.41395,Порогов ролей не достиг; требуется контекст. Вход: 1/88945 KZT; выход: 0/0 KZT; k=0.00; depth=3.
100000002983879100,terminal,0.5,3,0.591726,Гипотеза конечного получения. Вход: 2/200050 KZT; выход: 0/0 KZT; k=0.00; depth=2.
100000002984403100,peripheral,0.25,25,0.397891,Порогов ролей не достиг; требуется контекст. Вход: 1/20000 KZT; выход: 1/25000 KZT; k=1.25; depth=3.
100000002986245100,peripheral,0.1,19,0.203756,Обрыв depth=4; продолжение неизвестно. Вход: 1/5750 KZT; выход: 0/0 KZT; k=0.00; depth=4.
100000002988894100,peripheral,0.25,3,0.601094,Порогов ролей не достиг; требуется контекст. Вход: 1/306121 KZT; выход: 3/77500 KZT; k=0.25; depth=1.
100000002989353100,peripheral,0.25,12,0.62734,Порогов ролей не достиг; требуется контекст. Вход: 1/500000 KZT; выход: 2/321160 KZT; k=0.64; depth=3.
100000002990675100,peripheral,0.25,7,0.371423,Порогов ролей не достиг; требуется контекст. Вход: 1/51143 KZT; выход: 0/0 KZT; k=0.00; depth=3.
100000002991079100,peripheral,0.25,4,0.529475,Порогов ролей не достиг; требуется контекст. Вход: 2/148900 KZT; выход: 1/11000 KZT; k=0.07; depth=1.
100000002992171100,peripheral,0.25,2,0.24758,Порогов ролей не достиг; требуется контекст. Вход: 1/14627 KZT; выход: 0/0 KZT; k=0.00; depth=1.
100000002994441100,peripheral,0.1,6,0.20002,Обрыв depth=4; продолжение неизвестно. Вход: 1/5000 KZT; выход: 0/0 KZT; k=0.00; depth=4.
100000002999140100,peripheral,0.1,11,0.2276,Обрыв depth=4; продолжение неизвестно. Вход: 1/10000 KZT; выход: 0/0 KZT; k=0.00; depth=4.
100000003001138100,peripheral,0.1,28,0.316746,Обрыв depth=4; продолжение неизвестно. Вход: 1/30000 KZT; выход: 0/0 KZT; k=0.00; depth=4.
100000003001564100,peripheral,0.25,4,0.525116,Порогов ролей не достиг; требуется контекст. Вход: 1/23520 KZT; выход: 1/180000 KZT; k=7.65; depth=1.
100000003001661100,peripheral,0.25,28,0.637126,Порогов ролей не достиг; требуется контекст. Вход: 1/110000 KZT; выход: 5/439500 KZT; k=4.00; depth=3.
100000003003821100,peripheral,0.25,3,0.344377,Порогов ролей не достиг; требуется контекст. Вход: 1/40000 KZT; выход: 0/0 KZT; k=0.00; depth=2.
100000003004487100,peripheral,0.25,31,0.623603,Порогов ролей не достиг; требуется контекст. Вход: 4/183703 KZT; выход: 2/265015 KZT; k=1.44; depth=1.
100000003005167100,peripheral,0.1,19,0.209806,Обрыв depth=4; продолжение неизвестно. Вход: 1/7000 KZT; выход: 0/0 KZT; k=0.00; depth=4.
100000003006633100,peripheral,0.25,35,0.2321,Порогов ролей не достиг; требуется контекст. Вход: 1/10000 KZT; выход: 0/0 KZT; k=0.00; depth=3.
100000003009900100,peripheral,0.25,9,0.257367,Порогов ролей не достиг; требуется контекст. Вход: 1/15998 KZT; выход: 0/0 KZT; k=0.00; depth=3.
100000003010908100,peripheral,0.1,9,0.257493,Обрыв depth=4; продолжение неизвестно. Вход: 1/17000 KZT; выход: 0/0 KZT; k=0.00; depth=4.
100000003014659100,terminal,0.5,10,0.569528,Гипотеза конечного получения. Вход: 1/280000 KZT; выход: 0/0 KZT; k=0.00; depth=1.
100000003016438100,peripheral,0.25,5,0.584902,Порогов ролей не достиг; требуется контекст. Вход: 1/200000 KZT; выход: 1/300000 KZT; k=1.50; depth=3.
100000003016635100,coordinator,0.52,4,0.854799,Гипотеза связующего узла. Вход seed неполон. Вход: 8/586981 KZT; выход: 73/9414081 KZT; k=16.04; depth=0.
100000003016773100,peripheral,0.25,5,0.356655,Порогов ролей не достиг; требуется контекст. Вход: 1/46555 KZT; выход: 0/0 KZT; k=0.00; depth=2.
100000003022835100,peripheral,0.25,3,0.444021,Порогов ролей не достиг; требуется контекст. Вход: 1/125000 KZT; выход: 0/0 KZT; k=0.00; depth=1.
100000003024542100,peripheral,0.25,3,0.217865,Порогов ролей не достиг; требуется контекст. Вход: 1/8500 KZT; выход: 0/0 KZT; k=0.00; depth=2.
100000003025903100,peripheral,0.1,7,0.518347,Обрыв depth=4; продолжение неизвестно. Вход: 1/386300 KZT; выход: 0/0 KZT; k=0.00; depth=4.
100000003031003100,consolidator,0.7,12,0.740867,Гипотеза консолидации. Вход: 3/280090 KZT; выход: 0/0 KZT; k=0.00; depth=3.
100000003031633100,terminal,0.5,5,0.595151,Гипотеза конечного получения. Вход: 1/414000 KZT; выход: 0/0 KZT; k=0.00; depth=3.
100000003031761100,terminal,0.5,6,0.602625,Гипотеза конечного получения. Вход: 1/460408 KZT; выход: 0/0 KZT; k=0.00; depth=3.
100000003031890100,terminal,0.5,24,0.551379,Гипотеза конечного получения. Вход: 1/215000 KZT; выход: 0/0 KZT; k=0.00; depth=2.
100000003034546100,terminal,0.5,9,0.605472,Гипотеза конечного получения. Вход: 1/486715 KZT; выход: 0/0 KZT; k=0.00; depth=2.
100000003035737100,peripheral,0.25,7,0.626984,Порогов ролей не достиг; требуется контекст. Вход: 2/809170 KZT; выход: 1/6545 KZT; k=0.01; depth=3.
100000003036198100,peripheral,0.25,3,0.252918,Порогов ролей не достиг; требуется контекст. Вход: 1/15000 KZT; выход: 0/0 KZT; k=0.00; depth=2.
100000003037476100,peripheral,0.1,5,0.609139,Обрыв depth=4; продолжение неизвестно. Вход: 3/555000 KZT; выход: 0/0 KZT; k=0.00; depth=4.
100000003037660100,peripheral,0.25,3,0.374982,Порогов ролей не достиг; требуется контекст. Вход: 1/53000 KZT; выход: 0/0 KZT; k=0.00; depth=1.
100000003039473100,peripheral,0.25,4,0.289573,Порогов ролей не достиг; требуется контекст. Вход: 1/23000 KZT; выход: 0/0 KZT; k=0.00; depth=2.
100000003040087100,peripheral,0.1,9,0.309984,Обрыв depth=4; продолжение неизвестно. Вход: 1/29000 KZT; выход: 0/0 KZT; k=0.00; depth=4.
100000003042994100,terminal,0.5,4,0.570774,Гипотеза конечного получения. Вход: 1/286086 KZT; выход: 0/0 KZT; k=0.00; depth=1.
100000003044431100,peripheral,0.25,1,0.429742,Порогов ролей не достиг; требуется контекст. Вход: 2/60000 KZT; выход: 0/0 KZT; k=0.00; depth=2.
100000003044518100,peripheral,0.25,8,0.330854,Порогов ролей не достиг; требуется контекст. Вход: 1/34423 KZT; выход: 0/0 KZT; k=0.00; depth=1.
100000003047800100,peripheral,0.1,12,0.233649,Обрыв depth=4; продолжение неизвестно. Вход: 1/12212 KZT; выход: 0/0 KZT; k=0.00; depth=4.
100000003050771100,terminal,0.5,13,0.555116,Гипотеза конечного получения. Вход: 1/229000 KZT; выход: 0/0 KZT; k=0.00; depth=3.
100000003054328100,peripheral,0.25,12,0.580365,Порогов ролей не достиг; требуется контекст. Вход: 1/140000 KZT; выход: 2/193720 KZT; k=1.38; depth=2.
100000003057225100,terminal,0.5,4,0.558319,Гипотеза конечного получения. Вход: 1/236000 KZT; выход: 0/0 KZT; k=0.00; depth=1.
100000003060187100,peripheral,0.25,18,0.419288,Порогов ролей не достиг; требуется контекст. Вход: 1/93046 KZT; выход: 0/0 KZT; k=0.00; depth=3.
100000003060517100,terminal,0.5,16,0.577714,Гипотеза конечного получения. Вход: 1/315955 KZT; выход: 0/0 KZT; k=0.00; depth=3.
100000003061115100,peripheral,0.1,1,0.35002,Обрыв depth=4; продолжение неизвестно. Вход: 1/45000 KZT; выход: 0/0 KZT; k=0.00; depth=4.
100000003062895100,terminal,0.5,5,0.622687,Гипотеза конечного получения. Вход: 2/328444 KZT; выход: 0/0 KZT; k=0.00; depth=2.
100000003066385100,peripheral,0.25,1,0.324938,Порогов ролей не достиг; требуется контекст. Вход: 2/20000 KZT; выход: 0/0 KZT; k=0.00; depth=1.
100000003068941100,consolidator,0.7,1,0.6906,Гипотеза консолидации. Вход: 3/94000 KZT; выход: 1/25000 KZT; k=0.27; depth=2.
100000003069463100,peripheral,0.25,26,0.35839,Порогов ролей не достиг; требуется контекст. Вход: 1/11500 KZT; выход: 1/17920 KZT; k=1.56; depth=3.
100000003071649100,terminal,0.5,5,0.541415,Гипотеза конечного получения. Вход: 1/189500 KZT; выход: 0/0 KZT; k=0.00; depth=3.
100000003071930100,consolidator,0.7,9,0.786863,Гипотеза консолидации. Вход: 3/477610 KZT; выход: 1/5000 KZT; k=0.01; depth=1.
100000003072205100,peripheral,0.1,5,0.501932,Обрыв depth=4; продолжение неизвестно. Вход: 2/163000 KZT; выход: 0/0 KZT; k=0.00; depth=4.
100000003072676100,peripheral,0.25,16,0.324982,Порогов ролей не достиг; требуется контекст. Вход: 1/31545 KZT; выход: 0/0 KZT; k=0.00; depth=3.
100000003073398100,peripheral,0.25,8,0.418932,Порогов ролей не достиг; требуется контекст. Вход: 1/92960 KZT; выход: 0/0 KZT; k=0.00; depth=2.
100000003073635100,peripheral,0.25,6,0.444911,Порогов ролей не достиг; требуется контекст. Вход: 1/129231 KZT; выход: 0/0 KZT; k=0.00; depth=3.
100000003074515100,peripheral,0.1,5,0.4276,Обрыв depth=4; продолжение неизвестно. Вход: 1/105000 KZT; выход: 0/0 KZT; k=0.00; depth=4.
100000003078839100,peripheral,0.1,6,0.241301,Обрыв depth=4; продолжение неизвестно. Вход: 1/14000 KZT; выход: 0/0 KZT; k=0.00; depth=4.
100000003083865100,peripheral,0.1,9,0.248418,Обрыв depth=4; продолжение неизвестно. Вход: 1/15000 KZT; выход: 0/0 KZT; k=0.00; depth=4.
100000003084870100,peripheral,0.1,12,0.207137,Обрыв depth=4; продолжение неизвестно. Вход: 1/6500 KZT; выход: 0/0 KZT; k=0.00; depth=4.
100000003086040100,peripheral,0.25,1,0.233167,Порогов ролей не достиг; требуется контекст. Вход: 1/10500 KZT; выход: 0/0 KZT; k=0.00; depth=2.
100000003087877100,peripheral,0.25,6,0.418221,Порогов ролей не достиг; требуется контекст. Вход: 1/91486 KZT; выход: 0/0 KZT; k=0.00; depth=3.
100000003089018100,terminal,0.5,9,0.555649,Гипотеза конечного получения. Вход: 1/230000 KZT; выход: 0/0 KZT; k=0.00; depth=2.
100000003089553100,peripheral,0.25,5,0.456477,Порогов ролей не достиг; требуется контекст. Вход: 1/150000 KZT; выход: 0/0 KZT; k=0.00; depth=3.
100000003091142100,peripheral,0.1,1,0.339877,Обрыв depth=4; продолжение неизвестно. Вход: 1/40000 KZT; выход: 0/0 KZT; k=0.00; depth=4.
100000003093299100,peripheral,0.25,1,0.252918,Порогов ролей не достиг; требуется контекст. Вход: 1/15000 KZT; выход: 0/0 KZT; k=0.00; depth=3.
100000003095610100,peripheral,0.25,9,0.292242,Порогов ролей не достиг; требуется контекст. Вход: 1/23665 KZT; выход: 0/0 KZT; k=0.00; depth=3.
100000003096787100,peripheral,0.1,9,0.255536,Обрыв depth=4; продолжение неизвестно. Вход: 1/16400 KZT; выход: 0/0 KZT; k=0.00; depth=4.
100000003097324100,terminal,0.5,17,0.615925,Гипотеза конечного получения. Вход: 2/294000 KZT; выход: 0/0 KZT; k=0.00; depth=3.
100000003097947100,peripheral,0.1,6,0.36977,Обрыв depth=4; продолжение неизвестно. Вход: 1/52980 KZT; выход: 0/0 KZT; k=0.00; depth=4.
100000003102157100,peripheral,0.25,1,0.423203,Порогов ролей не достиг; требуется контекст. Вход: 1/96746 KZT; выход: 0/0 KZT; k=0.00; depth=1.
100000003104347100,peripheral,0.25,22,0.576539,Порогов ролей не достиг; требуется контекст. Вход: 1/418000 KZT; выход: 1/32000 KZT; k=0.08; depth=2.
100000003105089100,peripheral,0.1,21,0.2276,Обрыв depth=4; продолжение неизвестно. Вход: 1/10000 KZT; выход: 0/0 KZT; k=0.00; depth=4.
100000003105929100,peripheral,0.25,7,0.591486,Порогов ролей не достиг; требуется контекст. Вход: 1/429567 KZT; выход: 1/156354 KZT; k=0.36; depth=3.
100000003109805100,peripheral,0.25,16,0.336548,Порогов ролей не достиг; требуется контекст. Вход: 1/36929 KZT; выход: 0/0 KZT; k=0.00; depth=3.
100000003111305100,consolidator,0.7,27,0.791667,Гипотеза консолидации. Вход: 4/509338 KZT; выход: 0/0 KZT; k=0.00; depth=3.
100000003112436100,peripheral,0.25,4,0.429431,Порогов ролей не достиг; требуется контекст. Вход: 1/100000 KZT; выход: 0/0 KZT; k=0.00; depth=2.
100000003112578100,peripheral,0.25,12,0.430142,Порогов ролей не достиг; требуется контекст. Вход: 1/101080 KZT; выход: 0/0 KZT; k=0.00; depth=3.
100000003115284100,consolidator,0.7,10,0.860484,Гипотеза консолидации. Вход: 8/2160500 KZT; выход: 2/517000 KZT; k=0.24; depth=1.
100000003116106100,terminal,0.5,7,0.606717,Гипотеза конечного получения. Вход: 1/494050 KZT; выход: 0/0 KZT; k=0.00; depth=3.
100000003119550100,peripheral,0.25,2,0.284769,Порогов ролей не достиг; требуется контекст. Вход: 1/21000 KZT; выход: 0/0 KZT; k=0.00; depth=1.
100000003122817100,terminal,0.5,26,0.59871,Гипотеза конечного получения. Вход: 1/444680 KZT; выход: 0/0 KZT; k=0.00; depth=3.
100000003123296100,peripheral,0.25,11,0.411993,Порогов ролей не достиг; требуется контекст. Вход: 1/86200 KZT; выход: 0/0 KZT; k=0.00; depth=1.
100000003125997100,peripheral,0.1,5,0.40856,Обрыв depth=4; продолжение неизвестно. Вход: 1/87750 KZT; выход: 0/0 KZT; k=0.00; depth=4.
100000003128638100,peripheral,0.1,5,0.503044,Обрыв depth=4; продолжение неизвестно. Вход: 1/300000 KZT; выход: 0/0 KZT; k=0.00; depth=4.
100000003131016100,peripheral,0.25,1,0.587749,Порогов ролей не достиг; требуется контекст. Вход: 1/405700 KZT; выход: 1/126000 KZT; k=0.31; depth=2.
100000003131693100,terminal,0.5,3,0.584653,Гипотеза конечного получения. Вход: 1/353277 KZT; выход: 0/0 KZT; k=0.00; depth=1.
100000003132484100,peripheral,0.25,9,0.416441,Порогов ролей не достиг; требуется контекст. Вход: 1/90000 KZT; выход: 0/0 KZT; k=0.00; depth=3.
100000003133045100,peripheral,0.1,5,0.389343,Обрыв depth=4; продолжение неизвестно. Вход: 1/68000 KZT; выход: 0/0 KZT; k=0.00; depth=4.
100000003134474100,peripheral,0.25,7,0.439039,Порогов ролей не достиг; требуется контекст. Вход: 1/116000 KZT; выход: 0/0 KZT; k=0.00; depth=3.
100000003134550100,peripheral,0.1,5,0.424931,Обрыв depth=4; продолжение неизвестно. Вход: 1/100000 KZT; выход: 0/0 KZT; k=0.00; depth=4.
100000003134934100,consolidator,0.7,1,0.771205,Гипотеза консолидации. Вход: 4/379354 KZT; выход: 0/0 KZT; k=0.00; depth=2.
100000003134937100,peripheral,0.25,4,0.232811,Порогов ролей не достиг; требуется контекст. Вход: 1/10286 KZT; выход: 0/0 KZT; k=0.00; depth=1.
100000003146511100,peripheral,0.1,13,0.2276,Обрыв depth=4; продолжение неизвестно. Вход: 1/10000 KZT; выход: 0/0 KZT; k=0.00; depth=4.
100000003147719100,peripheral,0.25,5,0.429431,Порогов ролей не достиг; требуется контекст. Вход: 1/100000 KZT; выход: 0/0 KZT; k=0.00; depth=3.
100000003148220100,peripheral,0.25,58,0.430365,Порогов ролей не достиг; требуется контекст. Вход: 1/5650 KZT; выход: 2/43400 KZT; k=7.68; depth=1.
100000003149149100,terminal,0.5,7,0.561521,Гипотеза конечного получения. Вход: 1/245000 KZT; выход: 0/0 KZT; k=0.00; depth=3.
100000003152964100,peripheral,0.25,6,0.49718,Порогов ролей не достиг; требуется контекст. Вход: 1/141847 KZT; выход: 1/5500 KZT; k=0.04; depth=3.
100000003154105100,peripheral,0.25,21,0.623692,Порогов ролей не достиг; требуется контекст. Вход: 1/60000 KZT; выход: 7/338000 KZT; k=5.63; depth=3.
100000003157333100,peripheral,0.25,8,0.321246,Порогов ролей не достиг; требуется контекст. Вход: 1/30000 KZT; выход: 0/0 KZT; k=0.00; depth=2.
100000003157679100,consolidator,0.7,5,0.794514,Гипотеза консолидации. Вход: 4/541000 KZT; выход: 0/0 KZT; k=0.00; depth=3.
100000003158727100,consolidator,0.7,8,0.75777,Гипотеза консолидации. Вход: 3/367940 KZT; выход: 0/0 KZT; k=0.00; depth=1.
100000003159641100,peripheral,0.25,57,0.584235,Порогов ролей не достиг; требуется контекст. Вход: 4/64000 KZT; выход: 1/197800 KZT; k=3.09; depth=2.
100000003163256100,transit,0.6,4,0.465221,Гипотеза транзита. Вход: 1/13485 KZT; выход: 1/15000 KZT; k=1.11; depth=1.
100000003163886100,terminal,0.5,54,0.60903,Гипотеза конечного получения. Вход: 1/500000 KZT; выход: 0/0 KZT; k=0.00; depth=3.
100000003164661100,terminal,0.5,29,0.616148,Гипотеза конечного получения. Вход: 1/596200 KZT; выход: 0/0 KZT; k=0.00; depth=3.
100000003166017100,peripheral,0.1,9,0.248418,Обрыв depth=4; продолжение неизвестно. Вход: 1/15000 KZT; выход: 0/0 KZT; k=0.00; depth=4.
100000003166755100,peripheral,0.25,3,0.295445,Порогов ролей не достиг; требуется контекст. Вход: 1/24010 KZT; выход: 0/0 KZT; k=0.00; depth=2.
100000003171006100,terminal,0.5,5,0.648665,Гипотеза конечного получения. Вход: 2/485000 KZT; выход: 0/0 KZT; k=0.00; depth=3.
100000003171587100,peripheral,0.25,7,0.648425,Порогов ролей не достиг; требуется контекст. Вход: 2/700000 KZT; выход: 2/431300 KZT; k=0.62; depth=3.
100000003173783100,peripheral,0.1,30,0.286496,Обрыв depth=4; продолжение неизвестно. Вход: 1/23500 KZT; выход: 0/0 KZT; k=0.00; depth=4.
100000003177533100,peripheral,0.1,6,0.277066,Обрыв depth=4; продолжение неизвестно. Вход: 1/20000 KZT; выход: 0/0 KZT; k=0.00; depth=4.
100000003178549100,peripheral,0.25,16,0.605098,Порогов ролей не достиг; требуется контекст. Вход: 2/250000 KZT; выход: 4/89080 KZT; k=0.36; depth=3.
100000003180305100,peripheral,0.1,1,0.447351,Обрыв depth=4; продолжение неизвестно. Вход: 1/144000 KZT; выход: 0/0 KZT; k=0.00; depth=4.
100000003180820100,peripheral,0.1,5,0.425464,Обрыв depth=4; продолжение неизвестно. Вход: 1/101000 KZT; выход: 0/0 KZT; k=0.00; depth=4.
100000003186579100,peripheral,0.1,6,0.430802,Обрыв depth=4; продолжение неизвестно. Вход: 1/110000 KZT; выход: 0/0 KZT; k=0.00; depth=4.
100000003187359100,peripheral,0.25,2,0.271957,Порогов ролей не достиг; требуется контекст. Вход: 1/19072 KZT; выход: 0/0 KZT; k=0.00; depth=1.
100000003188607100,peripheral,0.25,8,0.332945,Порогов ролей не достиг; требуется контекст. Вход: 1/18000 KZT; выход: 1/5000 KZT; k=0.28; depth=2.
100000003190207100,peripheral,0.25,20,0.565685,Порогов ролей не достиг; требуется контекст. Вход: 1/5000 KZT; выход: 1/377000 KZT; k=75.40; depth=3.
100000003191430100,terminal,0.5,4,0.53839,Гипотеза конечного получения. Вход: 1/180000 KZT; выход: 0/0 KZT; k=0.00; depth=2.
100000003192220100,peripheral,0.25,4,0.38637,Порогов ролей не достиг; требуется контекст. Вход: 1/60000 KZT; выход: 0/0 KZT; k=0.00; depth=2.
100000003192309100,peripheral,0.25,2,0.531877,Порогов ролей не достиг; требуется контекст. Вход: 1/17200 KZT; выход: 1/213000 KZT; k=12.38; depth=3.
100000003194831100,peripheral,0.1,10,0.206603,Обрыв depth=4; продолжение неизвестно. Вход: 1/6265 KZT; выход: 0/0 KZT; k=0.00; depth=4.
100000003199390100,peripheral,0.1,7,0.493258,Обрыв depth=4; продолжение неизвестно. Вход: 1/260000 KZT; выход: 0/0 KZT; k=0.00; depth=4.
100000003200071100,peripheral,0.2,68,0.319746,Порогов ролей не достиг; требуется контекст. Вход seed неполон. Вход: 0/0 KZT; выход: 1/30000 KZT; k=н/д; depth=0.
100000003204491100,peripheral,0.25,1,0.536148,Порогов ролей не достиг; требуется контекст. Вход: 1/140000 KZT; выход: 1/100000 KZT; k=0.71; depth=3.
100000003205210100,peripheral,0.25,3,0.448114,Порогов ролей не достиг; требуется контекст. Вход: 1/137563 KZT; выход: 0/0 KZT; k=0.00; depth=1.
100000003207060100,peripheral,0.1,1,0.370482,Обрыв depth=4; продолжение неизвестно. Вход: 1/53000 KZT; выход: 0/0 KZT; k=0.00; depth=4.
100000003213473100,distributor,0.75,1,0.782046,Гипотеза распределения. Вход: 1/57500 KZT; выход: 11/240000 KZT; k=4.17; depth=3.
100000003214786100,peripheral,0.1,1,0.20002,Обрыв depth=4; продолжение неизвестно. Вход: 1/5000 KZT; выход: 0/0 KZT; k=0.00; depth=4.
100000003215448100,peripheral,0.25,6,0.551895,Порогов ролей не достиг; требуется контекст. Вход: 1/91309 KZT; выход: 2/124000 KZT; k=1.36; depth=3.
100000003216073100,peripheral,0.25,6,0.476361,Порогов ролей не достиг; требуется контекст. Вход: 1/37001 KZT; выход: 1/70000 KZT; k=1.89; depth=3.
100000003218308100,peripheral,0.25,1,0.23548,Порогов ролей не достиг; требуется контекст. Вход: 1/11165 KZT; выход: 0/0 KZT; k=0.00; depth=3.
100000003219438100,peripheral,0.25,34,0.32694,Порогов ролей не достиг; требуется контекст. Вход: 1/32000 KZT; выход: 0/0 KZT; k=0.00; depth=2.
100000003220685100,peripheral,0.1,7,0.567635,Обрыв depth=4; продолжение неизвестно. Вход: 1/1306000 KZT; выход: 0/0 KZT; k=0.00; depth=4.
100000003221384100,terminal,0.5,15,0.60992,Гипотеза конечного получения. Вход: 1/511200 KZT; выход: 0/0 KZT; k=0.00; depth=2.
100000003221510100,peripheral,0.25,61,0.519511,Порогов ролей не достиг; требуется контекст. Вход: 1/24000 KZT; выход: 2/120000 KZT; k=5.00; depth=3.
100000003230328100,peripheral,0.1,1,0.37106,Обрыв depth=4; продолжение неизвестно. Вход: 3/26572 KZT; выход: 0/0 KZT; k=0.00; depth=4.
100000003230329100,peripheral,0.1,5,0.430802,Обрыв depth=4; продолжение неизвестно. Вход: 1/110000 KZT; выход: 0/0 KZT; k=0.00; depth=4.
100000003232675100,peripheral,0.1,13,0.345393,Обрыв depth=4; продолжение неизвестно. Вход: 1/44000 KZT; выход: 0/0 KZT; k=0.00; depth=4.
100000003235780100,peripheral,0.25,1,0.434368,Порогов ролей не достиг; требуется контекст. Вход: 2/65000 KZT; выход: 0/0 KZT; k=0.00; depth=1.
100000003237045100,peripheral,0.25,4,0.582233,Порогов ролей не достиг; требуется контекст. Вход: 1/340200 KZT; выход: 1/150000 KZT; k=0.44; depth=2.
100000003239379100,peripheral,0.25,11,0.418399,Порогов ролей не достиг; требуется контекст. Вход: 1/92500 KZT; выход: 0/0 KZT; k=0.00; depth=1.
100000003239859100,peripheral,0.25,11,0.270712,Порогов ролей не достиг; требуется контекст. Вход: 1/18600 KZT; выход: 0/0 KZT; k=0.00; depth=1.
100000003241965100,peripheral,0.25,9,0.252918,Порогов ролей не достиг; требуется контекст. Вход: 1/15000 KZT; выход: 0/0 KZT; k=0.00; depth=3.
100000003242289100,coordinator,0.65,16,0.885036,Гипотеза связующего узла. Вход: 3/550791 KZT; выход: 23/2377741 KZT; k=4.32; depth=2.
100000003242795100,peripheral,0.25,7,0.436192,Порогов ролей не достиг; требуется контекст. Вход: 1/111000 KZT; выход: 0/0 KZT; k=0.00; depth=3.
100000003246024100,peripheral,0.25,1,0.364617,Порогов ролей не достиг; требуется контекст. Вход: 1/25000 KZT; выход: 1/5000 KZT; k=0.20; depth=2.
100000003247600100,peripheral,0.1,3,0.377778,Обрыв depth=4; продолжение неизвестно. Вход: 1/58000 KZT; выход: 0/0 KZT; k=0.00; depth=4.
100000003249054100,consolidator,0.7,3,0.708393,Гипотеза консолидации. Вход: 7/99700 KZT; выход: 1/15000 KZT; k=0.15; depth=2.
100000003252446100,peripheral,0.1,5,0.429379,Обрыв depth=4; продолжение неизвестно. Вход: 1/108600 KZT; выход: 0/0 KZT; k=0.00; depth=4.
100000003254277100,transit,0.6,1,0.572872,Гипотеза транзита. Вход: 1/49200 KZT; выход: 1/44997 KZT; k=0.91; depth=3.
100000003254723100,terminal,0.5,3,0.567571,Гипотеза конечного получения. Вход: 1/269850 KZT; выход: 0/0 KZT; k=0.00; depth=2.
100000003265158100,transit,0.6,11,0.703165,Гипотеза транзита. Вход: 3/146100 KZT; выход: 2/154200 KZT; k=1.06; depth=1.
100000003265658100,peripheral,0.1,73,0.0,Seed без исходящих; нет наблюдаемых связей. Вход: 0/0 KZT; выход: 0/0 KZT; k=н/д; depth=0.
100000003270419100,peripheral,0.25,13,0.456477,Порогов ролей не достиг; требуется контекст. Вход: 1/150000 KZT; выход: 0/0 KZT; k=0.00; depth=3.
100000003271151100,peripheral,0.25,6,0.444555,Порогов ролей не достиг; требуется контекст. Вход: 1/127294 KZT; выход: 0/0 KZT; k=0.00; depth=3.
100000003275398100,peripheral,0.25,24,0.554475,Порогов ролей не достиг; требуется контекст. Вход: 1/300000 KZT; выход: 1/20000 KZT; k=0.07; depth=2.
100000003278020100,terminal,0.5,1,0.541948,Гипотеза конечного получения. Вход: 1/190000 KZT; выход: 0/0 KZT; k=0.00; depth=2.
100000003284932100,peripheral,0.25,3,0.394377,Порогов ролей не достиг; требуется контекст. Вход: 1/69925 KZT; выход: 0/0 KZT; k=0.00; depth=1.
100000003286537100,peripheral,0.25,5,0.501984,Порогов ролей не достиг; требуется контекст. Вход: 2/153000 KZT; выход: 0/0 KZT; k=0.00; depth=3.
100000003289281100,peripheral,0.1,1,0.339877,Обрыв depth=4; продолжение неизвестно. Вход: 1/40000 KZT; выход: 0/0 KZT; k=0.00; depth=4.
100000003289405100,terminal,0.5,3,0.585187,Гипотеза конечного получения. Вход: 1/355000 KZT; выход: 0/0 KZT; k=0.00; depth=2.
100000003292191100,peripheral,0.25,17,0.436726,Порогов ролей не достиг; требуется контекст. Вход: 1/112000 KZT; выход: 0/0 KZT; k=0.00; depth=3.
100000003292979100,peripheral,0.25,3,0.361993,Порогов ролей не достиг; требуется контекст. Вход: 1/48950 KZT; выход: 0/0 KZT; k=0.00; depth=2.
100000003293377100,peripheral,0.25,7,0.368932,Порогов ролей не достиг; требуется контекст. Вход: 1/50000 KZT; выход: 0/0 KZT; k=0.00; depth=3.
100000003299365100,transit,0.6,3,0.678744,Гипотеза транзита. Вход: 1/200000 KZT; выход: 1/200000 KZT; k=1.00; depth=1.
100000003321423100,peripheral,0.25,10,0.429431,Порогов ролей не достиг; требуется контекст. Вход: 1/100000 KZT; выход: 0/0 KZT; k=0.00; depth=2.
100000003321895100,peripheral,0.25,62,0.614884,Порогов ролей не достиг; требуется контекст. Вход: 1/24000 KZT; выход: 2/553830 KZT; k=23.08; depth=3.
100000003336565100,peripheral,0.25,2,0.261103,Порогов ролей не достиг; требуется контекст. Вход: 1/16550 KZT; выход: 0/0 KZT; k=0.00; depth=2.
100000003338583100,peripheral,0.25,24,0.286014,Порогов ролей не достиг; требуется контекст. Вход: 1/21765 KZT; выход: 0/0 KZT; k=0.00; depth=3.
100000003345947100,peripheral,0.1,6,0.398596,Обрыв depth=4; продолжение неизвестно. Вход: 1/79500 KZT; выход: 0/0 KZT; k=0.00; depth=4.
100000003349739100,peripheral,0.1,74,0.0,Seed без исходящих; нет наблюдаемых связей. Вход: 0/0 KZT; выход: 0/0 KZT; k=н/д; depth=0.
100000003360542100,peripheral,0.25,10,0.598247,Порогов ролей не достиг; требуется контекст. Вход: 2/317000 KZT; выход: 2/51800 KZT; k=0.16; depth=2.
100000003366154100,peripheral,0.25,3,0.606432,Порогов ролей не достиг; требуется контекст. Вход: 1/125000 KZT; выход: 3/289170 KZT; k=2.31; depth=1.
100000003366471100,peripheral,0.25,6,0.583212,Порогов ролей не достиг; требуется контекст. Вход: 2/329789 KZT; выход: 1/20000 KZT; k=0.06; depth=3.
100000003370425100,peripheral,0.1,13,0.277066,Обрыв depth=4; продолжение неизвестно. Вход: 1/20000 KZT; выход: 0/0 KZT; k=0.00; depth=4.
100000003377795100,peripheral,0.25,8,0.214306,Порогов ролей не достиг; требуется контекст. Вход: 1/7000 KZT; выход: 0/0 KZT; k=0.00; depth=1.
100000003390036100,peripheral,0.25,10,0.583479,Порогов ролей не достиг; требуется контекст. Вход: 2/231300 KZT; выход: 2/62000 KZT; k=0.27; depth=2.
100000003404627100,consolidator,0.7,38,0.811062,Гипотеза консолидации. Вход: 4/877700 KZT; выход: 0/0 KZT; k=0.00; depth=1.
100000003406094100,peripheral,0.25,4,0.518354,Порогов ролей не достиг; требуется контекст. Вход: 1/70000 KZT; выход: 3/47000 KZT; k=0.67; depth=3.
100000003447411100,peripheral,0.1,6,0.503934,Обрыв depth=4; продолжение неизвестно. Вход: 1/302000 KZT; выход: 0/0 KZT; k=0.00; depth=4.
100000003448713100,peripheral,0.1,6,0.494681,Обрыв depth=4; продолжение неизвестно. Вход: 1/266750 KZT; выход: 0/0 KZT; k=0.00; depth=4.
100000003449074100,peripheral,0.25,1,0.2321,Порогов ролей не достиг; требуется контекст. Вход: 1/10000 KZT; выход: 0/0 KZT; k=0.00; depth=1.
100000003457710100,peripheral,0.25,7,0.621913,Порогов ролей не достиг; требуется контекст. Вход: 1/326555 KZT; выход: 1/1306000 KZT; k=4.00; depth=3.
100000003470579100,peripheral,0.1,26,0.513543,Обрыв depth=4; продолжение неизвестно. Вход: 1/357000 KZT; выход: 0/0 KZT; k=0.00; depth=4.
100000003476560100,peripheral,0.25,3,0.368932,Порогов ролей не достиг; требуется контекст. Вход: 1/50000 KZT; выход: 0/0 KZT; k=0.00; depth=1.
100000003481025100,peripheral,0.1,1,0.215322,Обрыв depth=4; продолжение неизвестно. Вход: 1/9000 KZT; выход: 0/0 KZT; k=0.00; depth=4.
100000003484058100,peripheral,0.25,14,0.482411,Порогов ролей не достиг; требуется контекст. Вход: 1/110000 KZT; выход: 1/6000 KZT; k=0.05; depth=3.
100000003486846100,peripheral,0.1,4,0.305714,Обрыв depth=4; продолжение неизвестно. Вход: 1/27000 KZT; выход: 0/0 KZT; k=0.00; depth=4.
100000003486970100,peripheral,0.25,7,0.456477,Порогов ролей не достиг; требуется контекст. Вход: 1/150000 KZT; выход: 0/0 KZT; k=0.00; depth=3.
100000003497735100,peripheral,0.25,18,0.444021,Порогов ролей не достиг; требуется контекст. Вход: 1/125000 KZT; выход: 0/0 KZT; k=0.00; depth=3.
100000003500764100,peripheral,0.1,16,0.280269,Обрыв depth=4; продолжение неизвестно. Вход: 1/21000 KZT; выход: 0/0 KZT; k=0.00; depth=4.
100000003509750100,transit,0.6,8,0.663708,Гипотеза транзита. Вход: 3/82290 KZT; выход: 3/78400 KZT; k=0.95; depth=2.
100000003528285100,peripheral,0.25,3,0.651628,Порогов ролей не достиг; требуется контекст. Вход: 4/118870 KZT; выход: 4/548000 KZT; k=4.61; depth=3.
100000003557488100,peripheral,0.25,31,0.626094,Порогов ролей не достиг; требуется контекст. Вход: 1/664992 KZT; выход: 2/138000 KZT; k=0.21; depth=3.
100000003561031100,peripheral,0.25,6,0.31355,Порогов ролей не достиг; требуется контекст. Вход: 1/13300 KZT; выход: 1/5000 KZT; k=0.38; depth=3.
100000003567087100,peripheral,0.25,2,0.387972,Порогов ролей не достиг; требуется контекст. Вход: 1/62115 KZT; выход: 0/0 KZT; k=0.00; depth=1.
100000003568904100,peripheral,0.1,13,0.357849,Обрыв depth=4; продолжение неизвестно. Вход: 1/49000 KZT; выход: 0/0 KZT; k=0.00; depth=4.
100000003574895100,peripheral,0.25,1,0.403941,Порогов ролей не достиг; требуется контекст. Вход: 1/27968 KZT; выход: 1/20000 KZT; k=0.72; depth=3.
100000003581109100,peripheral,0.25,1,0.34847,Порогов ролей не достиг; требуется контекст. Вход: 1/42750 KZT; выход: 0/0 KZT; k=0.00; depth=3.
100000003582677100,peripheral,0.25,3,0.502963,Порогов ролей не достиг; требуется контекст. Вход: 2/29757 KZT; выход: 4/56000 KZT; k=1.88; depth=3.
100000003589877100,peripheral,0.25,5,0.647358,Порогов ролей не достиг; требуется контекст. Вход: 2/176000 KZT; выход: 6/416129 KZT; k=2.36; depth=1.
100000003594472100,peripheral,0.25,31,0.281566,Порогов ролей не достиг; требуется контекст. Вход: 1/20000 KZT; выход: 0/0 KZT; k=0.00; depth=3.
100000003603979100,peripheral,0.25,24,0.465018,Порогов ролей не достиг; требуется контекст. Вход: 1/165000 KZT; выход: 0/0 KZT; k=0.00; depth=2.
100000003610172100,peripheral,0.25,7,0.396157,Порогов ролей не достиг; требуется контекст. Вход: 1/70000 KZT; выход: 0/0 KZT; k=0.00; depth=3.
100000003616818100,peripheral,0.25,24,0.602251,Порогов ролей не достиг; требуется контекст. Вход: 3/78000 KZT; выход: 3/240100 KZT; k=3.08; depth=1.
100000003617552100,peripheral,0.25,29,0.301673,Порогов ролей не достиг; требуется контекст. Вход: 1/25000 KZT; выход: 0/0 KZT; k=0.00; depth=2.
100000003622955100,peripheral,0.1,10,0.248418,Обрыв depth=4; продолжение неизвестно. Вход: 1/15000 KZT; выход: 0/0 KZT; k=0.00; depth=4.
100000003626268100,peripheral,0.1,6,0.20002,Обрыв depth=4; продолжение неизвестно. Вход: 1/5000 KZT; выход: 0/0 KZT; k=0.00; depth=4.
100000003631015100,peripheral,0.1,41,0.494326,Обрыв depth=4; продолжение неизвестно. Вход: 1/266000 KZT; выход: 0/0 KZT; k=0.00; depth=4.
100000003632533100,peripheral,0.1,7,0.2276,Обрыв depth=4; продолжение неизвестно. Вход: 1/10000 KZT; выход: 0/0 KZT; k=0.00; depth=4.
100000003635170100,transit,0.6,10,0.748272,Гипотеза транзита. Вход: 3/268500 KZT; выход: 4/253500 KZT; k=0.94; depth=1.
100000003635660100,peripheral,0.25,1,0.271068,Порогов ролей не достиг; требуется контекст. Вход: 1/18985 KZT; выход: 0/0 KZT; k=0.00; depth=3.
100000003636627100,peripheral,0.25,8,0.455899,Порогов ролей не достиг; требуется контекст. Вход: 1/77000 KZT; выход: 1/10000 KZT; k=0.13; depth=3.
100000003646145100,peripheral,0.1,33,0.20002,Обрыв depth=4; продолжение неизвестно. Вход: 1/5000 KZT; выход: 0/0 KZT; k=0.00; depth=4.
100000003647799100,peripheral,0.25,7,0.429431,Порогов ролей не достиг; требуется контекст. Вход: 1/100000 KZT; выход: 0/0 KZT; k=0.00; depth=3.
100000003650146100,peripheral,0.25,4,0.24669,Порогов ролей не достиг; требуется контекст. Вход: 1/14400 KZT; выход: 0/0 KZT; k=0.00; depth=3.
100000003664994100,peripheral,0.1,42,0.508738,Обрыв depth=4; продолжение неизвестно. Вход: 1/338271 KZT; выход: 0/0 KZT; k=0.00; depth=4.
100000003671721100,peripheral,0.25,9,0.20452,Порогов ролей не достиг; требуется контекст. Вход: 1/5000 KZT; выход: 0/0 KZT; k=0.00; depth=3.
100000003677936100,peripheral,0.25,8,0.451984,Порогов ролей не достиг; требуется контекст. Вход: 1/71000 KZT; выход: 1/13000 KZT; k=0.18; depth=3.
100000003684369100,coordinator,0.52,3,0.85511,Гипотеза связующего узла. Вход seed неполон. Вход: 24/3848436 KZT; выход: 62/8588655 KZT; k=2.23; depth=0.
100000003692843100,peripheral,0.1,62,0.537742,Обрыв depth=4; продолжение неизвестно. Вход: 1/510000 KZT; выход: 0/0 KZT; k=0.00; depth=4.
100000003696422100,peripheral,0.1,31,0.435785,Обрыв depth=4; продолжение неизвестно. Вход: 1/118000 KZT; выход: 0/0 KZT; k=0.00; depth=4.
100000003701161100,coordinator,0.65,22,0.864884,Гипотеза связующего узла. Вход: 4/1527103 KZT; выход: 3/349000 KZT; k=0.23; depth=1.
100000003711830100,peripheral,0.25,6,0.368932,Порогов ролей не достиг; требуется контекст. Вход: 1/50000 KZT; выход: 0/0 KZT; k=0.00; depth=3.
100000003713616100,peripheral,0.25,4,0.257011,Порогов ролей не достиг; требуется контекст. Вход: 1/15893 KZT; выход: 0/0 KZT; k=0.00; depth=1.
100000003718221100,peripheral,0.25,22,0.64887,Порогов ролей не достиг; требуется контекст. Вход: 2/350000 KZT; выход: 4/423500 KZT; k=1.21; depth=2.
100000003718715100,peripheral,0.1,13,0.559272,Обрыв depth=4; продолжение неизвестно. Вход: 1/915000 KZT; выход: 0/0 KZT; k=0.00; depth=4.
100000003724440100,peripheral,0.25,1,0.412304,Порогов ролей не достиг; требуется контекст. Вход: 2/50000 KZT; выход: 0/0 KZT; k=0.00; depth=2.
100000003736419100,peripheral,0.25,1,0.372091,Порогов ролей не достиг; требуется контекст. Вход: 1/23300 KZT; выход: 1/10000 KZT; k=0.43; depth=3.
100000003739818100,peripheral,0.25,3,0.381566,Порогов ролей не достиг; требуется контекст. Вход: 1/57293 KZT; выход: 0/0 KZT; k=0.00; depth=1.
100000003741418100,consolidator,0.7,1,0.750119,Гипотеза консолидации. Вход: 9/151900 KZT; выход: 3/39920 KZT; k=0.26; depth=2.
100000003747133100,transit,0.6,47,0.743112,Гипотеза транзита. Вход: 5/237068 KZT; выход: 2/250000 KZT; k=1.05; depth=2.
100000003760160100,peripheral,0.25,7,0.431566,Порогов ролей не достиг; требуется контекст. Вход: 1/104470 KZT; выход: 0/0 KZT; k=0.00; depth=3.
100000003770083100,peripheral,0.1,75,0.0,Seed без исходящих; нет наблюдаемых связей. Вход: 0/0 KZT; выход: 0/0 KZT; k=н/д; depth=0.
100000003781406100,peripheral,0.25,11,0.35452,Порогов ролей не достиг; требуется контекст. Вход: 1/45000 KZT; выход: 0/0 KZT; k=0.00; depth=3.
100000003782913100,peripheral,0.1,14,0.476176,Обрыв depth=4; продолжение неизвестно. Вход: 1/200000 KZT; выход: 0/0 KZT; k=0.00; depth=4.
100000003786516100,peripheral,0.1,1,0.20002,Обрыв depth=4; продолжение неизвестно. Вход: 1/5000 KZT; выход: 0/0 KZT; k=0.00; depth=4.
100000003792647100,peripheral,0.1,7,0.212475,Обрыв depth=4; продолжение неизвестно. Вход: 1/8000 KZT; выход: 0/0 KZT; k=0.00; depth=4.
100000003795588100,terminal,0.5,1,0.593372,Гипотеза конечного получения. Вход: 1/400000 KZT; выход: 0/0 KZT; k=0.00; depth=3.
100000003796063100,distributor,0.75,1,0.844769,Гипотеза распределения. Вход: 1/35000 KZT; выход: 15/959150 KZT; k=27.40; depth=3.
100000003798151100,terminal,0.5,4,0.583407,Гипотеза конечного получения. Вход: 1/350000 KZT; выход: 0/0 KZT; k=0.00; depth=2.
100000003809101100,peripheral,0.25,10,0.564617,Порогов ролей не достиг; требуется контекст. Вход: 2/166050 KZT; выход: 2/55200 KZT; k=0.33; depth=1.
100000003814002100,peripheral,0.25,7,0.321246,Порогов ролей не достиг; требуется контекст. Вход: 1/30000 KZT; выход: 0/0 KZT; k=0.00; depth=3.
100000003819173100,peripheral,0.1,6,0.446461,Обрыв depth=4; продолжение неизвестно. Вход: 1/143777 KZT; выход: 0/0 KZT; k=0.00; depth=4.
100000003823811100,peripheral,0.25,20,0.501628,Порогов ролей не достиг; требуется контекст. Вход: 1/30000 KZT; выход: 3/66130 KZT; k=2.20; depth=2.
100000003824464100,terminal,0.5,22,0.548176,Гипотеза конечного получения. Вход: 1/200000 KZT; выход: 0/0 KZT; k=0.00; depth=2.
100000003831201100,peripheral,0.25,1,0.345445,Порогов ролей не достиг; требуется контекст. Вход: 1/40500 KZT; выход: 0/0 KZT; k=0.00; depth=2.
100000003831324100,terminal,0.5,8,0.618416,Гипотеза конечного получения. Вход: 2/300000 KZT; выход: 0/0 KZT; k=0.00; depth=1.
100000003832231100,peripheral,0.25,3,0.333523,Порогов ролей не достиг; требуется контекст. Вход: 1/35000 KZT; выход: 0/0 KZT; k=0.00; depth=1.
100000003834495100,consolidator,0.7,1,0.800208,Гипотеза консолидации. Вход: 3/602441 KZT; выход: 1/20000 KZT; k=0.03; depth=3.
100000003835149100,peripheral,0.25,23,0.660614,Порогов ролей не достиг; требуется контекст. Вход: 1/248500 KZT; выход: 2/4600440 KZT; k=18.51; depth=1.
100000003838587100,peripheral,0.1,14,0.205536,Обрыв depth=4; продолжение неизвестно. Вход: 1/6000 KZT; выход: 0/0 KZT; k=0.00; depth=4.
100000003843844100,peripheral,0.25,13,0.539884,Порогов ролей не достиг; требуется контекст. Вход: 1/16680 KZT; выход: 1/238000 KZT; k=14.27; depth=3.
100000003854444100,distributor,0.75,18,0.864875,Гипотеза распределения. Вход: 1/210000 KZT; выход: 14/2322909 KZT; k=11.06; depth=2.
100000003865939100,peripheral,0.25,69,0.405409,Порогов ролей не достиг; требуется контекст. Вход: 1/81465 KZT; выход: 0/0 KZT; k=0.00; depth=1.
100000003873332100,peripheral,0.25,18,0.595445,Порогов ролей не достиг; требуется контекст. Вход: 1/23468 KZT; выход: 4/286000 KZT; k=12.19; depth=1.
100000003877908100,peripheral,0.25,3,0.344377,Порогов ролей не достиг; требуется контекст. Вход: 1/40000 KZT; выход: 0/0 KZT; k=0.00; depth=1.
100000003880331100,distributor,0.75,6,0.870614,Гипотеза распределения. Вход: 1/100000 KZT; выход: 16/3904908 KZT; k=39.05; depth=3.
100000003886323100,peripheral,0.25,4,0.479119,Порогов ролей не достиг; требуется контекст. Вход: 2/78168 KZT; выход: 1/7650 KZT; k=0.10; depth=1.
100000003888197100,peripheral,0.25,7,0.407722,Порогов ролей не достиг; требуется контекст. Вход: 1/83167 KZT; выход: 0/0 KZT; k=0.00; depth=3.
100000003888271100,peripheral,0.25,44,0.406699,Порогов ролей не достиг; требуется контекст. Вход: 1/12177 KZT; выход: 2/25590 KZT; k=2.10; depth=1.
100000003888527100,peripheral,0.25,42,0.321246,Порогов ролей не достиг; требуется контекст. Вход: 1/30000 KZT; выход: 0/0 KZT; k=0.00; depth=3.
100000003896956100,peripheral,0.25,4,0.380454,Порогов ролей не достиг; требуется контекст. Вход: 1/10000 KZT; выход: 1/27000 KZT; k=2.70; depth=3.
100000003899325100,peripheral,0.25,6,0.369288,Порогов ролей не достиг; требуется контекст. Вход: 1/50120 KZT; выход: 0/0 KZT; k=0.00; depth=3.
100000003899899100,peripheral,0.25,4,0.555098,Порогов ролей не достиг; требуется контекст. Вход: 2/218500 KZT; выход: 1/10000 KZT; k=0.05; depth=3.
100000003900547100,peripheral,0.25,4,0.29331,Порогов ролей не достиг; требуется контекст. Вход: 1/23700 KZT; выход: 0/0 KZT; k=0.00; depth=1.
100000003904497100,peripheral,0.1,5,0.2276,Обрыв depth=4; продолжение неизвестно. Вход: 1/10000 KZT; выход: 0/0 KZT; k=0.00; depth=4.
100000003917461100,peripheral,0.25,11,0.524137,Порогов ролей не достиг; требуется контекст. Вход: 1/10000 KZT; выход: 2/140000 KZT; k=14.00; depth=3.
100000003920950100,terminal,0.5,8,0.578781,Гипотеза конечного получения. Вход: 1/323290 KZT; выход: 0/0 KZT; k=0.00; depth=3.
100000003922499100,peripheral,0.25,11,0.368932,Порогов ролей не достиг; требуется контекст. Вход: 1/50000 KZT; выход: 0/0 KZT; k=0.00; depth=2.
100000003923946100,peripheral,0.25,8,0.650783,Порогов ролей не достиг; требуется контекст. Вход: 1/282000 KZT; выход: 4/675000 KZT; k=2.39; depth=1.
100000003927792100,peripheral,0.25,15,0.242064,Порогов ролей не достиг; требуется контекст. Вход: 1/13067 KZT; выход: 0/0 KZT; k=0.00; depth=2.
100000003934614100,peripheral,0.25,34,0.380543,Порогов ролей не достиг; требуется контекст. Вход: 2/17000 KZT; выход: 1/11500 KZT; k=0.68; depth=3.
100000003942602100,transit,0.6,2,0.539242,Гипотеза транзита. Вход: 1/30000 KZT; выход: 1/30000 KZT; k=1.00; depth=1.
100000003943247100,peripheral,0.25,1,0.344377,Порогов ролей не достиг; требуется контекст. Вход: 1/40000 KZT; выход: 0/0 KZT; k=0.00; depth=3.
100000003943483100,peripheral,0.25,11,0.2321,Порогов ролей не достиг; требуется контекст. Вход: 1/10000 KZT; выход: 0/0 KZT; k=0.00; depth=2.
100000003946524100,transit,0.6,3,0.689064,Гипотеза транзита. Вход: 2/133757 KZT; выход: 2/144750 KZT; k=1.08; depth=1.
100000003950749100,peripheral,0.1,4,0.209806,Обрыв depth=4; продолжение неизвестно. Вход: 1/7000 KZT; выход: 0/0 KZT; k=0.00; depth=4.
100000003951827100,peripheral,0.25,1,0.371824,Порогов ролей не достиг; требуется контекст. Вход: 1/9000 KZT; выход: 2/17000 KZT; k=1.89; depth=3.
100000003962994100,peripheral,0.25,39,0.2321,Порогов ролей не достиг; требуется контекст. Вход: 1/10000 KZT; выход: 0/0 KZT; k=0.00; depth=3.
100000003964910100,terminal,0.5,16,0.677135,Гипотеза конечного получения. Вход: 2/1000000 KZT; выход: 0/0 KZT; k=0.00; depth=3.
100000003968044100,peripheral,0.25,6,0.5954,Порогов ролей не достиг; требуется контекст. Вход: 1/40000 KZT; выход: 3/311000 KZT; k=7.78; depth=3.
100000003970394100,peripheral,0.25,11,0.410747,Порогов ролей не достиг; требуется контекст. Вход: 1/85000 KZT; выход: 0/0 KZT; k=0.00; depth=1.
100000003971049100,peripheral,0.25,1,0.38032,Порогов ролей не достиг; требуется контекст. Вход: 1/55900 KZT; выход: 0/0 KZT; k=0.00; depth=2.
100000003975102100,peripheral,0.2,4,0.504488,Порогов ролей не достиг; требуется контекст. Вход seed неполон. Вход: 1/25650 KZT; выход: 2/88500 KZT; k=3.45; depth=0.
100000003977183100,peripheral,0.2,8,0.65253,Порогов ролей не достиг; требуется контекст. Вход seed неполон. Вход: 2/123800 KZT; выход: 4/766000 KZT; k=6.19; depth=0.
100000003980083100,peripheral,0.25,68,0.321246,Порогов ролей не достиг; требуется контекст. Вход: 1/30000 KZT; выход: 0/0 KZT; k=0.00; depth=1.
100000003985389100,peripheral,0.1,6,0.523863,Обрыв depth=4; продолжение неизвестно. Вход: 1/422698 KZT; выход: 0/0 KZT; k=0.00; depth=4.
100000003986141100,peripheral,0.25,16,0.205587,Порогов ролей не достиг; требуется контекст. Вход: 1/5286 KZT; выход: 0/0 KZT; k=0.00; depth=3.
100000003988112100,peripheral,0.25,20,0.504119,Порогов ролей не достиг; требуется контекст. Вход: 1/92000 KZT; выход: 1/64000 KZT; k=0.70; depth=2.
100000003989033100,peripheral,0.1,10,0.516034,Обрыв depth=4; продолжение неизвестно. Вход: 1/373400 KZT; выход: 0/0 KZT; k=0.00; depth=4.
100000003996562100,peripheral,0.25,32,0.215374,Порогов ролей не достиг; требуется контекст. Вход: 1/7700 KZT; выход: 0/0 KZT; k=0.00; depth=3.
100000004004621100,consolidator,0.7,13,0.639087,Гипотеза консолидации. Вход: 3/75389 KZT; выход: 0/0 KZT; k=0.00; depth=1.
100000004005964100,peripheral,0.25,24,0.55919,Порогов ролей не достиг; требуется контекст. Вход: 3/97900 KZT; выход: 3/72000 KZT; k=0.74; depth=1.
100000004006327100,peripheral,0.1,5,0.503044,Обрыв depth=4; продолжение неизвестно. Вход: 1/300000 KZT; выход: 0/0 KZT; k=0.00; depth=4.
100000004007116100,peripheral,0.2,24,0.657023,Порогов ролей не достиг; требуется контекст. Вход seed неполон. Вход: 3/764704 KZT; выход: 4/148000 KZT; k=0.19; depth=0.
100000004007197100,peripheral,0.25,24,0.232278,Порогов ролей не достиг; требуется контекст. Вход: 1/10048 KZT; выход: 0/0 KZT; k=0.00; depth=3.
100000004013952100,peripheral,0.1,1,0.203222,Обрыв depth=4; продолжение неизвестно. Вход: 1/5500 KZT; выход: 0/0 KZT; k=0.00; depth=4.
100000004015047100,consolidator,0.7,8,0.837886,Гипотеза консолидации. Вход: 9/919104 KZT; выход: 1/69195 KZT; k=0.08; depth=1.
100000004017410100,peripheral,0.25,34,0.672224,Порогов ролей не достиг; требуется контекст. Вход: 2/193650 KZT; выход: 5/1330915 KZT; k=6.87; depth=3.
100000004019056100,peripheral,0.1,13,0.364432,Обрыв depth=4; продолжение неизвестно. Вход: 1/50000 KZT; выход: 0/0 KZT; k=0.00; depth=4.
100000004019124100,peripheral,0.1,4,0.53921,Seed только получатель; роль не установлена. Вход: 3/193000 KZT; выход: 0/0 KZT; k=0.00; depth=0.
100000004021459100,peripheral,0.1,76,0.0,Seed без исходящих; нет наблюдаемых связей. Вход: 0/0 KZT; выход: 0/0 KZT; k=н/д; depth=0.
100000004030553100,peripheral,0.1,6,0.391657,Обрыв depth=4; продолжение неизвестно. Вход: 1/70000 KZT; выход: 0/0 KZT; k=0.00; depth=4.
100000004035925100,peripheral,0.1,64,0.564788,Обрыв depth=4; продолжение неизвестно. Вход: 1/1111588 KZT; выход: 0/0 KZT; k=0.00; depth=4.
100000004041163100,peripheral,0.2,20,0.63011,Порогов ролей не достиг; требуется контекст. Вход seed неполон. Вход: 1/50000 KZT; выход: 2/866000 KZT; k=17.32; depth=0.
100000004041294100,peripheral,0.1,25,0.262475,Обрыв depth=4; продолжение неизвестно. Вход: 1/17800 KZT; выход: 0/0 KZT; k=0.00; depth=4.
100000004047887100,peripheral,0.1,40,0.316746,Обрыв depth=4; продолжение неизвестно. Вход: 1/30000 KZT; выход: 0/0 KZT; k=0.00; depth=4.
100000004049912100,peripheral,0.1,18,0.2276,Обрыв depth=4; продолжение неизвестно. Вход: 1/10000 KZT; выход: 0/0 KZT; k=0.00; depth=4.
100000004058740100,peripheral,0.25,2,0.321246,Порогов ролей не достиг; требуется контекст. Вход: 1/30000 KZT; выход: 0/0 KZT; k=0.00; depth=1.
100000004064431100,peripheral,0.25,24,0.37903,Порогов ролей не достиг; требуется контекст. Вход: 1/26000 KZT; выход: 1/10000 KZT; k=0.38; depth=3.
100000004066370100,peripheral,0.1,37,0.386496,Обрыв depth=4; продолжение неизвестно. Вход: 1/65000 KZT; выход: 0/0 KZT; k=0.00; depth=4.
100000004066647100,peripheral,0.25,18,0.371068,Порогов ролей не достиг; требуется контекст. Вход: 1/51000 KZT; выход: 0/0 KZT; k=0.00; depth=3.
100000004070318100,distributor,0.75,1,0.83774,Гипотеза распределения. Вход: 4/207247 KZT; выход: 19/551860 KZT; k=2.66; depth=1.
100000004070530100,peripheral,0.1,40,0.277066,Обрыв depth=4; продолжение неизвестно. Вход: 1/20000 KZT; выход: 0/0 KZT; k=0.00; depth=4.
100000004071070100,peripheral,0.25,1,0.425738,Порогов ролей не достиг; требуется контекст. Вход: 2/41000 KZT; выход: 1/6000 KZT; k=0.15; depth=2.
100000004071080100,consolidator,0.7,1,0.777077,Гипотеза консолидации. Вход: 9/238600 KZT; выход: 2/46500 KZT; k=0.19; depth=1.
100000004071444100,peripheral,0.25,1,0.55839,Порогов ролей не достиг; требуется контекст. Вход: 1/247350 KZT; выход: 1/100000 KZT; k=0.40; depth=3.
100000004076740100,peripheral,0.25,34,0.58508,Порогов ролей не достиг; требуется контекст. Вход: 3/93250 KZT; выход: 6/125000 KZT; k=1.34; depth=1.
100000004077081100,peripheral,0.25,3,0.642242,Порогов ролей не достиг; требуется контекст. Вход: 1/140000 KZT; выход: 4/615000 KZT; k=4.39; depth=3.
100000004094958100,transit,0.6,49,0.55579,Гипотеза транзита. Вход: 1/39000 KZT; выход: 1/40000 KZT; k=1.03; depth=1.
100000004096559100,peripheral,0.25,8,0.355587,Порогов ролей не достиг; требуется контекст. Вход: 1/46200 KZT; выход: 0/0 KZT; k=0.00; depth=3.
100000004097972100,peripheral,0.25,1,0.512393,Порогов ролей не достиг; требуется контекст. Вход: 1/118878 KZT; выход: 2/10000 KZT; k=0.08; depth=3.
100000004099450100,peripheral,0.25,1,0.323203,Порогов ролей не достиг; требуется контекст. Вход: 1/31000 KZT; выход: 0/0 KZT; k=0.00; depth=3.
100000004105288100,terminal,0.5,3,0.594751,Гипотеза конечного получения. Вход: 2/215000 KZT; выход: 0/0 KZT; k=0.00; depth=1.
100000004107228100,peripheral,0.1,3,0.20002,Обрыв depth=4; продолжение неизвестно. Вход: 1/5000 KZT; выход: 0/0 KZT; k=0.00; depth=4.
100000004114962100,peripheral,0.25,7,0.50839,Порогов ролей не достиг; требуется контекст. Вход: 2/165000 KZT; выход: 0/0 KZT; k=0.00; depth=3.
100000004130144100,terminal,0.5,8,0.548176,Гипотеза конечного получения. Вход: 1/200000 KZT; выход: 0/0 KZT; k=0.00; depth=1.
100000004134060100,peripheral,0.25,17,0.413772,Порогов ролей не достиг; требуется контекст. Вход: 1/88179 KZT; выход: 0/0 KZT; k=0.00; depth=2.
100000004135268100,transit,0.6,52,0.780568,Гипотеза транзита. Вход: 2/1239000 KZT; выход: 3/1000200 KZT; k=0.81; depth=1.
100000004140487100,distributor,0.75,3,0.779466,Гипотеза распределения. Вход: 1/24510 KZT; выход: 10/262600 KZT; k=10.71; depth=3.
100000004140994100,peripheral,0.25,2,0.27089,Порогов ролей не достиг; требуется контекст. Вход: 1/18650 KZT; выход: 0/0 KZT; k=0.00; depth=3.
100000004144536100,consolidator,0.7,24,0.716044,Гипотеза консолидации. Вход: 4/168000 KZT; выход: 0/0 KZT; k=0.00; depth=1.
100000004150593100,distributor,0.75,4,0.840765,Гипотеза распределения. Вход: 1/57000 KZT; выход: 11/871165 KZT; k=15.28; depth=2.
100000004156082100,coordinator,0.65,15,0.885036,Гипотеза связующего узла. Вход: 5/377366 KZT; выход: 26/2319556 KZT; k=6.15; depth=1.
100000004158362100,peripheral,0.25,1,0.237794,Порогов ролей не достиг; требуется контекст. Вход: 1/12000 KZT; выход: 0/0 KZT; k=0.00; depth=2.
100000004159526100,consolidator,0.7,14,0.784016,Гипотеза консолидации. Вход: 4/275037 KZT; выход: 4/68000 KZT; k=0.25; depth=1.
100000004160650100,distributor,0.75,24,0.853932,Гипотеза распределения. Вход: 2/75100 KZT; выход: 10/1489827 KZT; k=19.84; depth=2.
100000004167082100,peripheral,0.1,13,0.238276,Обрыв depth=4; продолжение неизвестно. Вход: 1/13300 KZT; выход: 0/0 KZT; k=0.00; depth=4.
100000004174835100,peripheral,0.1,77,0.0,Seed без исходящих; нет наблюдаемых связей. Вход: 0/0 KZT; выход: 0/0 KZT; k=н/д; depth=0.
100000004177936100,peripheral,0.1,6,0.2276,Обрыв depth=4; продолжение неизвестно. Вход: 1/10000 KZT; выход: 0/0 KZT; k=0.00; depth=4.
100000004180097100,consolidator,0.7,1,0.720938,Гипотеза консолидации. Вход: 3/104854 KZT; выход: 3/47800 KZT; k=0.46; depth=1.
100000004183610100,peripheral,0.25,13,0.607856,Порогов ролей не достиг; требуется контекст. Вход: 1/22000 KZT; выход: 1/915000 KZT; k=41.59; depth=3.
100000004184158100,terminal,0.5,1,0.549422,Гипотеза конечного получения. Вход: 1/203805 KZT; выход: 0/0 KZT; k=0.00; depth=3.
100000004185681100,peripheral,0.25,3,0.2321,Порогов ролей не достиг; требуется контекст. Вход: 1/10000 KZT; выход: 0/0 KZT; k=0.00; depth=3.
100000004186824100,peripheral,0.25,4,0.602073,Порогов ролей не достиг; требуется контекст. Вход: 2/451700 KZT; выход: 1/7000 KZT; k=0.02; depth=1.
100000004188160100,peripheral,0.25,4,0.581477,Порогов ролей не достиг; требуется контекст. Вход: 2/87862 KZT; выход: 5/133846 KZT; k=1.52; depth=1.
100000004192107100,peripheral,0.25,3,0.301673,Порогов ролей не достиг; требуется контекст. Вход: 1/25000 KZT; выход: 0/0 KZT; k=0.00; depth=2.
100000004192865100,peripheral,0.25,29,0.39242,Порогов ролей не достиг; требуется контекст. Вход: 1/66666 KZT; выход: 0/0 KZT; k=0.00; depth=2.
100000004193835100,peripheral,0.2,4,0.414541,Порогов ролей не достиг; требуется контекст. Вход seed неполон. Вход: 1/47000 KZT; выход: 1/5000 KZT; k=0.11; depth=0.
100000004200745100,peripheral,0.1,11,0.441301,Обрыв depth=4; продолжение неизвестно. Вход: 1/130000 KZT; выход: 0/0 KZT; k=0.00; depth=4.
100000004206046100,peripheral,0.25,4,0.235302,Порогов ролей не достиг; требуется контекст. Вход: 1/11075 KZT; выход: 0/0 KZT; k=0.00; depth=1.
100000004209339100,peripheral,0.25,10,0.588906,Порогов ролей не достиг; требуется контекст. Вход: 1/138500 KZT; выход: 2/238500 KZT; k=1.72; depth=2.
100000004213658100,peripheral,0.25,2,0.302562,Порогов ролей не достиг; требуется контекст. Вход: 1/25347 KZT; выход: 0/0 KZT; k=0.00; depth=1.
100000004217419100,peripheral,0.25,6,0.511859,Порогов ролей не достиг; требуется контекст. Вход: 2/118200 KZT; выход: 1/7700 KZT; k=0.07; depth=3.
100000004218576100,peripheral,0.25,2,0.304698,Порогов ролей не достиг; требуется контекст. Вход: 1/26144 KZT; выход: 0/0 KZT; k=0.00; depth=1.
100000004221668100,coordinator,0.65,27,0.864173,Гипотеза связующего узла. Вход: 4/1128300 KZT; выход: 3/731440 KZT; k=0.65; depth=2.
100000004222274100,peripheral,0.1,1,0.249842,Обрыв depth=4; продолжение неизвестно. Вход: 1/15500 KZT; выход: 0/0 KZT; k=0.00; depth=4.
100000004225615100,peripheral,0.25,9,0.416441,Порогов ролей не достиг; требуется контекст. Вход: 1/90000 KZT; выход: 0/0 KZT; k=0.00; depth=2.
100000004226848100,terminal,0.5,3,0.575756,Гипотеза конечного получения. Вход: 1/301866 KZT; выход: 0/0 KZT; k=0.00; depth=1.
100000004232712100,peripheral,0.1,7,0.235429,Обрыв depth=4; продолжение неизвестно. Вход: 1/12500 KZT; выход: 0/0 KZT; k=0.00; depth=4.
100000004235471100,peripheral,0.1,7,0.46639,Обрыв depth=4; продолжение неизвестно. Вход: 1/180000 KZT; выход: 0/0 KZT; k=0.00; depth=4.
100000004241142100,peripheral,0.1,1,0.305891,Обрыв depth=4; продолжение неизвестно. Вход: 1/27102 KZT; выход: 0/0 KZT; k=0.00; depth=4.
100000004254434100,peripheral,0.25,2,0.350961,Порогов ролей не достиг; требуется контекст. Вход: 1/44445 KZT; выход: 0/0 KZT; k=0.00; depth=1.
100000004257714100,peripheral,0.25,2,0.373203,Порогов ролей не достиг; требуется контекст. Вход: 1/52220 KZT; выход: 0/0 KZT; k=0.00; depth=3.
100000004260869100,peripheral,0.1,4,0.2276,Обрыв depth=4; продолжение неизвестно. Вход: 1/10000 KZT; выход: 0/0 KZT; k=0.00; depth=4.
100000004261340100,peripheral,0.1,1,0.356959,Обрыв depth=4; продолжение неизвестно. Вход: 1/48500 KZT; выход: 0/0 KZT; k=0.00; depth=4.
100000004263867100,peripheral,0.1,19,0.215322,Обрыв depth=4; продолжение неизвестно. Вход: 1/9000 KZT; выход: 0/0 KZT; k=0.00; depth=4.
100000004265639100,peripheral,0.1,6,0.2276,Обрыв depth=4; продолжение неизвестно. Вход: 1/10000 KZT; выход: 0/0 KZT; k=0.00; depth=4.
100000004268036100,peripheral,0.1,19,0.203222,Обрыв depth=4; продолжение неизвестно. Вход: 1/5500 KZT; выход: 0/0 KZT; k=0.00; depth=4.
100000004269433100,peripheral,0.2,15,0.572415,Порогов ролей не достиг; требуется контекст. Вход seed неполон. Вход: 0/0 KZT; выход: 1/1372000 KZT; k=н/д; depth=0.
100000004272302100,peripheral,0.1,47,0.2276,Обрыв depth=4; продолжение неизвестно. Вход: 1/10000 KZT; выход: 0/0 KZT; k=0.00; depth=4.
100000004278574100,peripheral,0.25,7,0.382055,Порогов ролей не достиг; требуется контекст. Вход: 1/25000 KZT; выход: 1/12500 KZT; k=0.50; depth=3.
100000004285800100,peripheral,0.25,1,0.324938,Порогов ролей не достиг; требуется контекст. Вход: 1/5000 KZT; выход: 1/15000 KZT; k=3.00; depth=2.
100000004286573100,peripheral,0.25,11,0.261281,Порогов ролей не достиг; требуется контекст. Вход: 1/16590 KZT; выход: 0/0 KZT; k=0.00; depth=1.
100000004291560100,peripheral,0.25,1,0.359324,Порогов ролей не достиг; требуется контекст. Вход: 1/47190 KZT; выход: 0/0 KZT; k=0.00; depth=3.
100000004291663100,peripheral,0.1,1,0.297173,Обрыв depth=4; продолжение неизвестно. Вход: 1/25000 KZT; выход: 0/0 KZT; k=0.00; depth=4.
100000004292885100,peripheral,0.25,2,0.437082,Порогов ролей не достиг; требуется контекст. Вход: 1/112700 KZT; выход: 0/0 KZT; k=0.00; depth=3.
100000004299488100,consolidator,0.7,1,0.854479,Гипотеза консолидации. Вход: 6/1749000 KZT; выход: 2/344999 KZT; k=0.20; depth=1.
100000004315838100,peripheral,0.25,3,0.461504,Порогов ролей не достиг; требуется контекст. Вход: 2/50000 KZT; выход: 1/18000 KZT; k=0.36; depth=1.
100000004318918100,peripheral,0.25,10,0.400783,Порогов ролей не достиг; требуется контекст. Вход: 1/75600 KZT; выход: 0/0 KZT; k=0.00; depth=1.
100000004321983100,peripheral,0.25,27,0.426094,Порогов ролей не достиг; требуется контекст. Вход: 1/10840 KZT; выход: 2/36200 KZT; k=3.34; depth=3.
100000004325327100,transit,0.6,1,0.627231,Гипотеза транзита. Вход: 2/70817 KZT; выход: 1/70000 KZT; k=0.99; depth=1.
100000004326224100,peripheral,0.1,7,0.38187,Обрыв depth=4; продолжение неизвестно. Вход: 1/60000 KZT; выход: 0/0 KZT; k=0.00; depth=4.
100000004330371100,peripheral,0.25,4,0.596112,Порогов ролей не достиг; требуется контекст. Вход: 2/264171 KZT; выход: 2/90681 KZT; k=0.34; depth=1.
100000004331458100,terminal,0.5,49,0.606673,Гипотеза конечного получения. Вход: 2/250000 KZT; выход: 0/0 KZT; k=0.00; depth=2.
100000004336228100,peripheral,0.25,6,0.371779,Порогов ролей не достиг; требуется контекст. Вход: 1/51407 KZT; выход: 0/0 KZT; k=0.00; depth=3.
100000004336312100,transit,0.6,34,0.658859,Гипотеза транзита. Вход: 3/90415 KZT; выход: 2/72650 KZT; k=0.80; depth=2.
100000004340038100,peripheral,0.25,13,0.426539,Порогов ролей не достиг; требуется контекст. Вход: 1/9978 KZT; выход: 1/49000 KZT; k=4.91; depth=3.
100000004350094100,peripheral,0.1,18,0.277066,Обрыв depth=4; продолжение неизвестно. Вход: 1/20000 KZT; выход: 0/0 KZT; k=0.00; depth=4.
100000004351795100,coordinator,0.65,1,0.875472,Гипотеза связующего узла. Вход: 3/118333 KZT; выход: 14/1715161 KZT; k=14.49; depth=1.
100000004356593100,peripheral,0.25,3,0.429742,Порогов ролей не достиг; требуется контекст. Вход: 1/50000 KZT; выход: 1/10000 KZT; k=0.20; depth=2.
100000004358004100,distributor,0.6,3,0.804676,Гипотеза распределения. Вход seed неполон. Вход: 0/0 KZT; выход: 11/980850 KZT; k=н/д; depth=0.
100000004360785100,peripheral,0.25,4,0.42089,Порогов ролей не достиг; требуется контекст. Вход: 1/94705 KZT; выход: 0/0 KZT; k=0.00; depth=1.
100000004368189100,peripheral,0.25,12,0.594956,Порогов ролей не достиг; требуется контекст. Вход: 1/384600 KZT; выход: 2/28200 KZT; k=0.07; depth=3.
100000004377043100,peripheral,0.1,28,0.203578,Обрыв depth=4; продолжение неизвестно. Вход: 1/5700 KZT; выход: 0/0 KZT; k=0.00; depth=4.
100000004379306100,peripheral,0.1,6,0.248418,Обрыв depth=4; продолжение неизвестно. Вход: 1/15000 KZT; выход: 0/0 KZT; k=0.00; depth=4.
100000004386258100,peripheral,0.25,11,0.52218,Порогов ролей не достиг; требуется контекст. Вход: 3/61700 KZT; выход: 3/40000 KZT; k=0.65; depth=2.
100000004386286100,peripheral,0.1,11,0.235429,Обрыв depth=4; продолжение неизвестно. Вход: 1/12500 KZT; выход: 0/0 KZT; k=0.00; depth=4.
100000004386331100,transit,0.6,11,0.515843,Гипотеза транзита. Вход: 1/20000 KZT; выход: 2/17500 KZT; k=0.88; depth=3.
100000004388209100,peripheral,0.25,2,0.236192,Порогов ролей не достиг; требуется контекст. Вход: 1/11800 KZT; выход: 0/0 KZT; k=0.00; depth=1.
100000004388353100,peripheral,0.25,10,0.431699,Порогов ролей не достиг; требуется контекст. Вход: 2/62960 KZT; выход: 0/0 KZT; k=0.00; depth=1.
100000004388983100,peripheral,0.2,65,0.575217,Порогов ролей не достиг; требуется контекст. Вход seed неполон. Вход: 0/0 KZT; выход: 2/450816 KZT; k=н/д; depth=0.
100000004390333100,peripheral,0.25,1,0.650027,Порогов ролей не достиг; требуется контекст. Вход: 2/64558 KZT; выход: 9/506500 KZT; k=7.85; depth=1.
100000004394765100,consolidator,0.7,4,0.810573,Гипотеза консолидации. Вход: 3/603844 KZT; выход: 2/82500 KZT; k=0.14; depth=1.
100000004398811100,peripheral,0.25,3,0.654653,Порогов ролей не достиг; требуется контекст. Вход: 1/426000 KZT; выход: 3/1040672 KZT; k=2.44; depth=2.
100000004399686100,terminal,0.5,23,0.62629,Гипотеза конечного получения. Вход: 1/806000 KZT; выход: 0/0 KZT; k=0.00; depth=3.
100000004400305100,coordinator,0.65,1,0.893354,Гипотеза связующего узла. Вход: 7/222800 KZT; выход: 82/5830181 KZT; k=26.17; depth=2.
100000004400361100,peripheral,0.25,4,0.2321,Порогов ролей не достиг; требуется контекст. Вход: 1/10000 KZT; выход: 0/0 KZT; k=0.00; depth=2.
100000004400480100,peripheral,0.1,12,0.281336,Обрыв depth=4; продолжение неизвестно. Вход: 1/21700 KZT; выход: 0/0 KZT; k=0.00; depth=4.
100000004403548100,peripheral,0.1,6,0.20002,Обрыв depth=4; продолжение неизвестно. Вход: 1/5000 KZT; выход: 0/0 KZT; k=0.00; depth=4.
100000004403641100,peripheral,0.1,12,0.464254,Обрыв depth=4; продолжение неизвестно. Вход: 1/171500 KZT; выход: 0/0 KZT; k=0.00; depth=4.
100000004403675100,peripheral,0.25,20,0.631521,Порогов ролей не достиг; требуется контекст. Вход: 4/182980 KZT; выход: 5/264699 KZT; k=1.45; depth=1.
100000004407753100,peripheral,0.25,28,0.559279,Порогов ролей не достиг; требуется контекст. Вход: 1/250000 KZT; выход: 1/100000 KZT; k=0.40; depth=3.
100000004408683100,peripheral,0.25,4,0.480632,Порогов ролей не достиг; требуется контекст. Вход: 2/112920 KZT; выход: 0/0 KZT; k=0.00; depth=1.
100000004410489100,peripheral,0.25,1,0.377473,Порогов ролей не достиг; требуется контекст. Вход: 1/54000 KZT; выход: 0/0 KZT; k=0.00; depth=2.
100000004417753100,terminal,0.5,3,0.586566,Гипотеза конечного получения. Вход: 2/192099 KZT; выход: 0/0 KZT; k=0.00; depth=3.
100000004418967100,peripheral,0.1,5,0.424931,Обрыв depth=4; продолжение неизвестно. Вход: 1/100000 KZT; выход: 0/0 KZT; k=0.00; depth=4.
100000004420041100,peripheral,0.25,11,0.653763,Порогов ролей не достиг; требуется контекст. Вход: 1/69638 KZT; выход: 7/651830 KZT; k=9.36; depth=3.
100000004424023100,peripheral,0.25,8,0.499849,Порогов ролей не достиг; требуется контекст. Вход: 1/50000 KZT; выход: 1/100000 KZT; k=2.00; depth=2.
100000004433250100,peripheral,0.1,1,0.212475,Обрыв depth=4; продолжение неизвестно. Вход: 1/8000 KZT; выход: 0/0 KZT; k=0.00; depth=4.
100000004435304100,peripheral,0.25,2,0.307367,Порогов ролей не достиг; требуется контекст. Вход: 1/26200 KZT; выход: 0/0 KZT; k=0.00; depth=2.
100000004441291100,peripheral,0.25,3,0.281566,Порогов ролей не достиг; требуется контекст. Вход: 1/20000 KZT; выход: 0/0 KZT; k=0.00; depth=2.
100000004445291100,peripheral,0.25,25,0.272491,Порогов ролей не достиг; требуется контекст. Вход: 1/19500 KZT; выход: 0/0 KZT; k=0.00; depth=3.
100000004449824100,peripheral,0.1,19,0.215322,Обрыв depth=4; продолжение неизвестно. Вход: 1/9000 KZT; выход: 0/0 KZT; k=0.00; depth=4.
100000004450649100,peripheral,0.25,7,0.570489,Порогов ролей не достиг; требуется контекст. Вход: 2/192528 KZT; выход: 2/46527 KZT; k=0.24; depth=3.
100000004451012100,peripheral,0.25,18,0.539706,Порогов ролей не достиг; требуется контекст. Вход: 1/91245 KZT; выход: 3/65740 KZT; k=0.72; depth=3.
100000004456564100,peripheral,0.25,14,0.2321,Порогов ролей не достиг; требуется контекст. Вход: 1/10000 KZT; выход: 0/0 KZT; k=0.00; depth=2.
100000004463277100,peripheral,0.25,29,0.333523,Порогов ролей не достиг; требуется контекст. Вход: 1/35000 KZT; выход: 0/0 KZT; k=0.00; depth=2.
100000004467157100,peripheral,0.25,34,0.353585,Порогов ролей не достиг; требуется контекст. Вход: 1/20000 KZT; выход: 1/7000 KZT; k=0.35; depth=2.
100000004472936100,peripheral,0.1,13,0.20002,Обрыв depth=4; продолжение неизвестно. Вход: 1/5000 KZT; выход: 0/0 KZT; k=0.00; depth=4.
100000004475818100,peripheral,0.25,7,0.471201,Порогов ролей не достиг; требуется контекст. Вход: 1/13000 KZT; выход: 3/53989 KZT; k=4.15; depth=3.
100000004479404100,peripheral,0.25,45,0.647802,Порогов ролей не достиг; требуется контекст. Вход: 2/1492000 KZT; выход: 1/300000 KZT; k=0.20; depth=2.
100000004480280100,peripheral,0.25,3,0.598336,Порогов ролей не достиг; требуется контекст. Вход: 1/146694 KZT; выход: 2/295850 KZT; k=2.02; depth=1.
100000004486525100,peripheral,0.25,1,0.653007,Порогов ролей не достиг; требуется контекст. Вход: 8/360924 KZT; выход: 2/271045 KZT; k=0.75; depth=2.
100000004488265100,peripheral,0.25,6,0.340285,Порогов ролей не достиг; требуется контекст. Вход: 1/38740 KZT; выход: 0/0 KZT; k=0.00; depth=3.
100000004491749100,peripheral,0.25,8,0.368932,Порогов ролей не достиг; требуется контекст. Вход: 1/50000 KZT; выход: 0/0 KZT; k=0.00; depth=3.
100000004491881100,peripheral,0.25,2,0.26306,Порогов ролей не достиг; требуется контекст. Вход: 1/17144 KZT; выход: 0/0 KZT; k=0.00; depth=1.
100000004493586100,peripheral,0.25,1,0.215018,Порогов ролей не достиг; требуется контекст. Вход: 1/7500 KZT; выход: 0/0 KZT; k=0.00; depth=3.
100000004494983100,peripheral,0.25,2,0.333523,Порогов ролей не достиг; требуется контекст. Вход: 1/35000 KZT; выход: 0/0 KZT; k=0.00; depth=1.
100000004497606100,peripheral,0.25,2,0.255053,Порогов ролей не достиг; требуется контекст. Вход: 1/15534 KZT; выход: 0/0 KZT; k=0.00; depth=1.
100000004500444100,peripheral,0.25,14,0.563817,Порогов ролей не достиг; требуется контекст. Вход: 2/180000 KZT; выход: 1/74000 KZT; k=0.41; depth=3.
100000004500781100,peripheral,0.1,14,0.394681,Обрыв depth=4; продолжение неизвестно. Вход: 1/74000 KZT; выход: 0/0 KZT; k=0.00; depth=4.
100000004502048100,peripheral,0.1,18,0.239343,Обрыв depth=4; продолжение неизвестно. Вход: 1/13888 KZT; выход: 0/0 KZT; k=0.00; depth=4.
100000004508696100,peripheral,0.25,39,0.518888,Порогов ролей не достиг; требуется контекст. Вход: 1/7000 KZT; выход: 3/111000 KZT; k=15.86; depth=3.
100000004509286100,peripheral,0.25,3,0.344377,Порогов ролей не достиг; требуется контекст. Вход: 1/40000 KZT; выход: 0/0 KZT; k=0.00; depth=1.
100000004526651100,peripheral,0.1,5,0.323685,Обрыв depth=4; продолжение неизвестно. Вход: 1/33000 KZT; выход: 0/0 KZT; k=0.00; depth=4.
100000004527381100,peripheral,0.25,15,0.566931,Порогов ролей не достиг; требуется контекст. Вход: 1/119333 KZT; выход: 1/273866 KZT; k=2.29; depth=2.
100000004539443100,peripheral,0.25,3,0.430632,Порогов ролей не достиг; требуется контекст. Вход: 2/61990 KZT; выход: 0/0 KZT; k=0.00; depth=3.
100000004544958100,peripheral,0.25,10,0.542464,Порогов ролей не достиг; требуется контекст. Вход: 1/168000 KZT; выход: 2/23200 KZT; k=0.14; depth=2.
100000004549591100,peripheral,0.1,39,0.357849,Обрыв depth=4; продолжение неизвестно. Вход: 1/49000 KZT; выход: 0/0 KZT; k=0.00; depth=4.
100000004552204100,peripheral,0.25,33,0.395311,Порогов ролей не достиг; требуется контекст. Вход: 1/22500 KZT; выход: 2/10000 KZT; k=0.44; depth=3.
100000004553349100,peripheral,0.25,7,0.215552,Порогов ролей не достиг; требуется контекст. Вход: 1/7755 KZT; выход: 0/0 KZT; k=0.00; depth=3.
100000004559194100,terminal,0.5,4,0.569884,Гипотеза конечного получения. Вход: 1/282145 KZT; выход: 0/0 KZT; k=0.00; depth=1.
100000004564736100,peripheral,0.25,22,0.252918,Порогов ролей не достиг; требуется контекст. Вход: 1/15000 KZT; выход: 0/0 KZT; k=0.00; depth=3.
100000004569484100,peripheral,0.25,9,0.588016,Порогов ролей не достиг; требуется контекст. Вход: 2/98312 KZT; выход: 4/156000 KZT; k=1.59; depth=3.
100000004569637100,peripheral,0.1,6,0.203222,Обрыв depth=4; продолжение неизвестно. Вход: 1/5500 KZT; выход: 0/0 KZT; k=0.00; depth=4.
100000004571634100,peripheral,0.1,10,0.277066,Обрыв depth=4; продолжение неизвестно. Вход: 1/20000 KZT; выход: 0/0 KZT; k=0.00; depth=4.
100000004573782100,peripheral,0.25,8,0.252918,Порогов ролей не достиг; требуется контекст. Вход: 1/15000 KZT; выход: 0/0 KZT; k=0.00; depth=2.
100000004580202100,peripheral,0.25,22,0.456077,Порогов ролей не достиг; требуется контекст. Вход: 1/9000 KZT; выход: 3/45000 KZT; k=5.00; depth=2.
100000004580254100,peripheral,0.25,16,0.354119,Порогов ролей не достиг; требуется контекст. Вход: 2/27940 KZT; выход: 0/0 KZT; k=0.00; depth=3.
100000004584730100,peripheral,0.1,45,0.353578,Обрыв depth=4; продолжение неизвестно. Вход: 1/47000 KZT; выход: 0/0 KZT; k=0.00; depth=4.
100000004586598100,peripheral,0.1,67,0.552155,Обрыв depth=4; продолжение неизвестно. Вход: 1/761255 KZT; выход: 0/0 KZT; k=0.00; depth=4.
100000004587414100,terminal,0.5,7,0.655427,Гипотеза конечного получения. Вход: 2/533603 KZT; выход: 0/0 KZT; k=0.00; depth=3.
100000004588479100,terminal,0.5,4,0.5375,Гипотеза конечного получения. Вход: 1/177633 KZT; выход: 0/0 KZT; k=0.00; depth=1.
100000004591973100,peripheral,0.25,11,0.478674,Порогов ролей не достиг; требуется контекст. Вход: 1/10000 KZT; выход: 1/100000 KZT; k=10.00; depth=3.
100000004592467100,peripheral,0.25,3,0.214306,Порогов ролей не достиг; требуется контекст. Вход: 1/7000 KZT; выход: 0/0 KZT; k=0.00; depth=2.
100000004596284100,peripheral,0.1,4,0.316746,Обрыв depth=4; продолжение неизвестно. Вход: 1/30000 KZT; выход: 0/0 KZT; k=0.00; depth=4.
100000004601193100,peripheral,0.1,10,0.404112,Обрыв depth=4; продолжение неизвестно. Вход: 1/84000 KZT; выход: 0/0 KZT; k=0.00; depth=4.
100000004603109100,consolidator,0.7,23,0.845982,Гипотеза консолидации. Вход: 3/2730000 KZT; выход: 2/400000 KZT; k=0.15; depth=3.
100000004610802100,peripheral,0.1,59,0.488632,Обрыв depth=4; продолжение неизвестно. Вход: 1/241000 KZT; выход: 0/0 KZT; k=0.00; depth=4.
100000004611571100,peripheral,0.25,1,0.287794,Порогов ролей не достиг; требуется контекст. Вход: 1/22550 KZT; выход: 0/0 KZT; k=0.00; depth=3.
100000004613582100,peripheral,0.25,8,0.290418,Порогов ролей не достиг; требуется контекст. Вход: 1/5000 KZT; выход: 1/9500 KZT; k=1.90; depth=3.
100000004616845100,peripheral,0.1,56,0.2776,Обрыв depth=4; продолжение неизвестно. Вход: 1/20200 KZT; выход: 0/0 KZT; k=0.00; depth=4.
100000004622227100,peripheral,0.25,1,0.428319,Порогов ролей не достиг; требуется контекст. Вход: 1/24931 KZT; выход: 3/19000 KZT; k=0.76; depth=1.
100000004629688100,peripheral,0.25,15,0.324938,Порогов ролей не достиг; требуется контекст. Вход: 1/5000 KZT; выход: 1/15000 KZT; k=3.00; depth=3.
100000004634420100,peripheral,0.25,2,0.305587,Порогов ролей не достиг; требуется контекст. Вход: 1/26150 KZT; выход: 0/0 KZT; k=0.00; depth=3.
100000004635886100,peripheral,0.25,4,0.289573,Порогов ролей не достиг; требуется контекст. Вход: 1/23000 KZT; выход: 0/0 KZT; k=0.00; depth=3.
100000004644615100,peripheral,0.25,10,0.597091,Порогов ролей не достиг; требуется контекст. Вход: 1/50810 KZT; выход: 2/379665 KZT; k=7.47; depth=3.
100000004652395100,peripheral,0.1,1,0.49348,Обрыв depth=4; продолжение неизвестно. Вход: 3/101528 KZT; выход: 0/0 KZT; k=0.00; depth=4.
100000004655046100,peripheral,0.1,9,0.290767,Обрыв depth=4; продолжение неизвестно. Вход: 1/24000 KZT; выход: 0/0 KZT; k=0.00; depth=4.
100000004657034100,peripheral,0.25,7,0.450605,Порогов ролей не достиг; требуется контекст. Вход: 1/141250 KZT; выход: 0/0 KZT; k=0.00; depth=3.
100000004659919100,peripheral,0.25,51,0.497536,Порогов ролей не достиг; требуется контекст. Вход: 1/110000 KZT; выход: 1/39000 KZT; k=0.35; depth=3.
100000004662806100,peripheral,0.25,11,0.544333,Порогов ролей не достиг; требуется контекст. Вход: 2/106585 KZT; выход: 2/59900 KZT; k=0.56; depth=1.
100000004664515100,peripheral,0.25,1,0.338861,Порогов ролей не достиг; требуется контекст. Вход: 1/37691 KZT; выход: 0/0 KZT; k=0.00; depth=1.
100000004664905100,terminal,0.5,4,0.622865,Гипотеза конечного получения. Вход: 2/329020 KZT; выход: 0/0 KZT; k=0.00; depth=1.
100000004666651100,terminal,0.5,66,0.596575,Гипотеза конечного получения. Вход: 1/429250 KZT; выход: 0/0 KZT; k=0.00; depth=2.
100000004670388100,peripheral,0.25,50,0.629653,Порогов ролей не достиг; требуется контекст. Вход: 1/160354 KZT; выход: 2/720000 KZT; k=4.49; depth=3.
100000004671609100,peripheral,0.25,12,0.429431,Порогов ролей не достиг; требуется контекст. Вход: 1/100000 KZT; выход: 0/0 KZT; k=0.00; depth=3.
100000004673335100,peripheral,0.1,30,0.399308,Обрыв depth=4; продолжение неизвестно. Вход: 1/80000 KZT; выход: 0/0 KZT; k=0.00; depth=4.
100000004674178100,peripheral,0.1,25,0.277066,Обрыв depth=4; продолжение неизвестно. Вход: 1/20000 KZT; выход: 0/0 KZT; k=0.00; depth=4.
100000004674389100,peripheral,0.1,10,0.248418,Обрыв depth=4; продолжение неизвестно. Вход: 1/15000 KZT; выход: 0/0 KZT; k=0.00; depth=4.
100000004674412100,peripheral,0.1,10,0.350909,Обрыв depth=4; продолжение неизвестно. Вход: 1/46000 KZT; выход: 0/0 KZT; k=0.00; depth=4.
100000004674799100,peripheral,0.25,1,0.449715,Порогов ролей не достиг; требуется контекст. Вход: 1/140000 KZT; выход: 0/0 KZT; k=0.00; depth=2.
100000004676985100,transit,0.6,1,0.536395,Гипотеза транзита. Вход: 1/32260 KZT; выход: 1/27102 KZT; k=0.84; depth=3.
100000004677680100,peripheral,0.25,10,0.556521,Порогов ролей не достиг; требуется контекст. Вход: 2/63000 KZT; выход: 1/168000 KZT; k=2.67; depth=1.
100000004679953100,consolidator,0.7,6,0.784105,Гипотеза консолидации. Вход: 3/343538 KZT; выход: 3/34100 KZT; k=0.10; depth=1.
100000004687099100,peripheral,0.25,8,0.321246,Порогов ролей не достиг; требуется контекст. Вход: 1/30000 KZT; выход: 0/0 KZT; k=0.00; depth=2.
100000004687282100,peripheral,0.25,4,0.281566,Порогов ролей не достиг; требуется контекст. Вход: 1/20000 KZT; выход: 0/0 KZT; k=0.00; depth=2.
100000004689658100,peripheral,0.25,6,0.578852,Порогов ролей не достиг; требуется контекст. Вход: 1/456100 KZT; выход: 1/7092 KZT; k=0.02; depth=3.
100000004691350100,peripheral,0.1,50,0.238276,Обрыв depth=4; продолжение неизвестно. Вход: 1/13300 KZT; выход: 0/0 KZT; k=0.00; depth=4.
100000004692798100,peripheral,0.25,11,0.564351,Порогов ролей не достиг; требуется контекст. Вход: 2/240305 KZT; выход: 1/15000 KZT; k=0.06; depth=1.
100000004697956100,transit,0.6,8,0.434438,Гипотеза транзита. Вход: 1/10000 KZT; выход: 1/10000 KZT; k=1.00; depth=3.
100000004698193100,peripheral,0.25,8,0.584057,Порогов ролей не достиг; требуется контекст. Вход: 2/222700 KZT; выход: 3/38000 KZT; k=0.17; depth=2.
100000004707703100,transit,0.6,4,0.741155,Гипотеза транзита. Вход: 2/239300 KZT; выход: 5/231650 KZT; k=0.97; depth=1.
100000004713684100,peripheral,0.25,1,0.338683,Порогов ролей не достиг; требуется контекст. Вход: 1/37500 KZT; выход: 0/0 KZT; k=0.00; depth=3.
100000004714705100,peripheral,0.2,20,0.334514,Порогов ролей не достиг; требуется контекст. Вход seed неполон. Вход: 0/0 KZT; выход: 1/36550 KZT; k=н/д; depth=0.
100000004715209100,peripheral,0.25,5,0.609546,Порогов ролей не достиг; требуется контекст. Вход: 1/5000 KZT; выход: 5/350450 KZT; k=70.09; depth=3.
100000004717647100,peripheral,0.25,45,0.678585,Порогов ролей не достиг; требуется контекст. Вход: 1/300000 KZT; выход: 5/2240000 KZT; k=7.47; depth=3.
100000004722630100,peripheral,0.1,50,0.509272,Обрыв depth=4; продолжение неизвестно. Вход: 1/340000 KZT; выход: 0/0 KZT; k=0.00; depth=4.
100000004722765100,peripheral,0.25,47,0.664795,Порогов ролей не достиг; требуется контекст. Вход: 1/230000 KZT; выход: 3/2284500 KZT; k=9.93; depth=3.
100000004723755100,peripheral,0.2,3,0.420813,Порогов ролей не достиг; требуется контекст. Вход seed неполон. Вход: 0/0 KZT; выход: 1/95000 KZT; k=н/д; depth=0.
100000004726132100,peripheral,0.25,1,0.563728,Порогов ролей не достиг; требуется контекст. Вход: 1/349000 KZT; выход: 1/24000 KZT; k=0.07; depth=3.
100000004732589100,terminal,0.5,10,0.554582,Гипотеза конечного получения. Вход: 1/227520 KZT; выход: 0/0 KZT; k=0.00; depth=2.
100000004737477100,transit,0.6,1,0.593779,Гипотеза транзита. Вход: 2/49598 KZT; выход: 1/40500 KZT; k=0.82; depth=1.
100000004737764100,terminal,0.5,3,0.617037,Гипотеза конечного получения. Вход: 1/600000 KZT; выход: 0/0 KZT; k=0.00; depth=3.
100000004739664100,transit,0.6,2,0.439776,Гипотеза транзита. Вход: 1/12000 KZT; выход: 1/10000 KZT; k=0.83; depth=1.
100000004741837100,peripheral,0.25,4,0.303274,Порогов ролей не достиг; требуется контекст. Вход: 1/25596 KZT; выход: 0/0 KZT; k=0.00; depth=1.
100000004744306100,peripheral,0.25,20,0.530365,Порогов ролей не достиг; требуется контекст. Вход: 1/69000 KZT; выход: 2/92000 KZT; k=1.33; depth=1.
100000004746397100,peripheral,0.25,7,0.530098,Порогов ролей не достиг; требуется контекст. Вход: 1/219520 KZT; выход: 1/7500 KZT; k=0.03; depth=3.
100000004747154100,peripheral,0.1,5,0.388632,Обрыв depth=4; продолжение неизвестно. Вход: 1/67000 KZT; выход: 0/0 KZT; k=0.00; depth=4.
100000004750321100,peripheral,0.25,9,0.412838,Порогов ролей не достиг; требуется контекст. Вход: 2/50185 KZT; выход: 0/0 KZT; k=0.00; depth=3.
100000004750897100,peripheral,0.25,15,0.2321,Порогов ролей не достиг; требуется контекст. Вход: 1/10000 KZT; выход: 0/0 KZT; k=0.00; depth=3.
100000004756901100,peripheral,0.25,4,0.45879,Порогов ролей не достиг; требуется контекст. Вход: 1/153248 KZT; выход: 0/0 KZT; k=0.00; depth=2.
100000004759121100,consolidator,0.7,1,0.837219,Гипотеза консолидации. Вход: 6/710000 KZT; выход: 2/312000 KZT; k=0.44; depth=1.
100000004765639100,peripheral,0.25,1,0.326806,Порогов ролей не достиг; требуется контекст. Вход: 1/5000 KZT; выход: 2/11000 KZT; k=2.20; depth=2.
100000004770073100,transit,0.6,1,0.386929,Гипотеза транзита. Вход: 1/5462 KZT; выход: 1/5467 KZT; k=1.00; depth=3.
100000004777215100,peripheral,0.1,21,0.38187,Обрыв depth=4; продолжение неизвестно. Вход: 1/60000 KZT; выход: 0/0 KZT; k=0.00; depth=4.
100000004779204100,peripheral,0.25,1,0.413372,Порогов ролей не достиг; требуется контекст. Вход: 1/30450 KZT; выход: 1/20000 KZT; k=0.66; depth=3.
100000004780083100,peripheral,0.1,59,0.216746,Обрыв depth=4; продолжение неизвестно. Вход: 1/9999 KZT; выход: 0/0 KZT; k=0.00; depth=4.
100000004780327100,peripheral,0.1,19,0.233294,Обрыв depth=4; продолжение неизвестно. Вход: 1/12000 KZT; выход: 0/0 KZT; k=0.00; depth=4.
100000004783447100,peripheral,0.25,2,0.307367,Порогов ролей не достиг; требуется контекст. Вход: 1/26200 KZT; выход: 0/0 KZT; k=0.00; depth=1.
100000004784224100,peripheral,0.25,23,0.486148,Порогов ролей не достиг; требуется контекст. Вход: 1/23500 KZT; выход: 1/100000 KZT; k=4.26; depth=1.
100000004788983100,peripheral,0.1,1,0.305714,Обрыв depth=4; продолжение неизвестно. Вход: 1/27000 KZT; выход: 0/0 KZT; k=0.00; depth=4.
100000004790991100,terminal,0.5,4,0.559742,Гипотеза конечного получения. Вход: 1/239413 KZT; выход: 0/0 KZT; k=0.00; depth=1.
100000004791226100,peripheral,0.1,1,0.277066,Обрыв depth=4; продолжение неизвестно. Вход: 1/20000 KZT; выход: 0/0 KZT; k=0.00; depth=4.
100000004792397100,peripheral,0.25,2,0.398826,Порогов ролей не достиг; требуется контекст. Вход: 1/73520 KZT; выход: 0/0 KZT; k=0.00; depth=1.
100000004797167100,peripheral,0.1,6,0.318703,Обрыв depth=4; продолжение неизвестно. Вход: 1/31000 KZT; выход: 0/0 KZT; k=0.00; depth=4.
100000004798515100,peripheral,0.1,11,0.476176,Обрыв depth=4; продолжение неизвестно. Вход: 1/200000 KZT; выход: 0/0 KZT; k=0.00; depth=4.
100000004800452100,peripheral,0.1,7,0.207315,Обрыв depth=4; продолжение неизвестно. Вход: 1/6545 KZT; выход: 0/0 KZT; k=0.00; depth=4.
100000004800648100,peripheral,0.1,11,0.441479,Обрыв depth=4; продолжение неизвестно. Вход: 1/131000 KZT; выход: 0/0 KZT; k=0.00; depth=4.
100000004806903100,peripheral,0.25,3,0.269822,Порогов ролей не достиг; требуется контекст. Вход: 1/18000 KZT; выход: 0/0 KZT; k=0.00; depth=2.
100000004813068100,peripheral,0.2,23,0.571569,Порогов ролей не достиг; требуется контекст. Вход seed неполон. Вход: 0/0 KZT; выход: 3/297000 KZT; k=н/д; depth=0.
100000004816564100,peripheral,0.25,15,0.548069,Порогов ролей не достиг; требуется контекст. Вход: 1/285480 KZT; выход: 1/5000 KZT; k=0.02; depth=2.
100000004820260100,transit,0.6,15,0.720559,Гипотеза транзита. Вход: 1/234200 KZT; выход: 3/215350 KZT; k=0.92; depth=2.
100000004825069100,peripheral,0.25,2,0.321246,Порогов ролей не достиг; требуется контекст. Вход: 1/30000 KZT; выход: 0/0 KZT; k=0.00; depth=2.
100000004840086100,peripheral,0.1,1,0.424931,Обрыв depth=4; продолжение неизвестно. Вход: 1/100000 KZT; выход: 0/0 KZT; k=0.00; depth=4.
100000004841728100,peripheral,0.25,2,0.373025,Порогов ролей не достиг; требуется контекст. Вход: 1/52208 KZT; выход: 0/0 KZT; k=0.00; depth=1.
100000004847758100,distributor,0.75,1,0.829778,Гипотеза распределения. Вход: 4/115171 KZT; выход: 15/488800 KZT; k=4.24; depth=1.
100000004848236100,peripheral,0.1,1,0.210518,Обрыв depth=4; продолжение неизвестно. Вход: 1/7500 KZT; выход: 0/0 KZT; k=0.00; depth=4.
100000004850609100,peripheral,0.1,1,0.2276,Обрыв depth=4; продолжение неизвестно. Вход: 1/10000 KZT; выход: 0/0 KZT; k=0.00; depth=4.
100000004856746100,peripheral,0.1,34,0.277066,Обрыв depth=4; продолжение неизвестно. Вход: 1/20000 KZT; выход: 0/0 KZT; k=0.00; depth=4.
100000004877085100,peripheral,0.25,13,0.520845,Порогов ролей не достиг; требуется контекст. Вход: 1/25000 KZT; выход: 3/95600 KZT; k=3.82; depth=3.
100000004889043100,terminal,0.5,1,0.611121,Гипотеза конечного получения. Вход: 2/272000 KZT; выход: 0/0 KZT; k=0.00; depth=3.
100000004890713100,peripheral,0.1,9,0.340589,Обрыв depth=4; продолжение неизвестно. Вход: 1/40485 KZT; выход: 0/0 KZT; k=0.00; depth=4.
100000004891562100,peripheral,0.1,19,0.426532,Обрыв depth=4; продолжение неизвестно. Вход: 1/103400 KZT; выход: 0/0 KZT; k=0.00; depth=4.
100000004892144100,peripheral,0.25,23,0.66008,Порогов ролей не достиг; требуется контекст. Вход: 2/4500000 KZT; выход: 1/180300 KZT; k=0.04; depth=3.
100000004904960100,peripheral,0.25,1,0.370311,Порогов ролей не достиг; требуется контекст. Вход: 2/32000 KZT; выход: 0/0 KZT; k=0.00; depth=2.
100000004905207100,terminal,0.5,14,0.589635,Гипотеза конечного получения. Вход: 1/380000 KZT; выход: 0/0 KZT; k=0.00; depth=2.
100000004906181100,peripheral,0.25,36,0.686326,Порогов ролей не достиг; требуется контекст. Вход: 1/100000 KZT; выход: 7/2473418 KZT; k=24.73; depth=3.
100000004908173100,peripheral,0.1,5,0.280269,Обрыв depth=4; продолжение неизвестно. Вход: 1/21000 KZT; выход: 0/0 KZT; k=0.00; depth=4.
100000004911971100,peripheral,0.1,36,0.329023,Обрыв depth=4; продолжение неизвестно. Вход: 1/35000 KZT; выход: 0/0 KZT; k=0.00; depth=4.
100000004917367100,peripheral,0.25,7,0.485436,Порогов ролей не достиг; требуется контекст. Вход: 2/120000 KZT; выход: 0/0 KZT; k=0.00; depth=3.
100000004921657100,peripheral,0.25,3,0.365151,Порогов ролей не достиг; требуется контекст. Вход: 1/8300 KZT; выход: 1/22190 KZT; k=2.67; depth=3.
100000004931931100,peripheral,0.25,1,0.437393,Порогов ролей не достиг; требуется контекст. Вход: 1/23938 KZT; выход: 1/45000 KZT; k=1.88; depth=3.
100000004948177100,consolidator,0.7,4,0.768625,Гипотеза консолидации. Вход: 3/437163 KZT; выход: 0/0 KZT; k=0.00; depth=1.
100000004950490100,peripheral,0.25,8,0.2321,Порогов ролей не достиг; требуется контекст. Вход: 1/10000 KZT; выход: 0/0 KZT; k=0.00; depth=2.
100000004959752100,peripheral,0.25,3,0.287438,Порогов ролей не достиг; требуется контекст. Вход: 1/22200 KZT; выход: 0/0 KZT; k=0.00; depth=3.
100000004962193100,consolidator,0.7,1,0.832948,Гипотеза консолидации. Вход: 8/900468 KZT; выход: 0/0 KZT; k=0.00; depth=2.
100000004970752100,peripheral,0.25,1,0.2321,Порогов ролей не достиг; требуется контекст. Вход: 1/10000 KZT; выход: 0/0 KZT; k=0.00; depth=3.
100000004971871100,peripheral,0.2,58,0.365253,Порогов ролей не достиг; требуется контекст. Вход seed неполон. Вход: 1/25400 KZT; выход: 1/5650 KZT; k=0.22; depth=0.
100000004975919100,peripheral,0.25,6,0.405454,Порогов ролей не достиг; требуется контекст. Вход: 1/22351 KZT; выход: 2/15000 KZT; k=0.67; depth=3.
100000004976946100,peripheral,0.1,41,0.490233,Обрыв depth=4; продолжение неизвестно. Вход: 1/246000 KZT; выход: 0/0 KZT; k=0.00; depth=4.
100000004979264100,peripheral,0.1,5,0.337742,Обрыв depth=4; продолжение неизвестно. Вход: 1/39800 KZT; выход: 0/0 KZT; k=0.00; depth=4.
100000004979283100,peripheral,0.25,9,0.344733,Порогов ролей не достиг; требуется контекст. Вход: 1/40132 KZT; выход: 0/0 KZT; k=0.00; depth=3.
100000004979498100,peripheral,0.25,52,0.606254,Порогов ролей не достиг; требуется контекст. Вход: 1/700000 KZT; выход: 1/200000 KZT; k=0.29; depth=2.
100000004981068100,peripheral,0.1,6,0.2276,Обрыв depth=4; продолжение неизвестно. Вход: 1/10000 KZT; выход: 0/0 KZT; k=0.00; depth=4.
100000004984689100,peripheral,0.25,6,0.37516,Порогов ролей не достиг; требуется контекст. Вход: 1/53030 KZT; выход: 0/0 KZT; k=0.00; depth=3.
100000004988240100,peripheral,0.1,1,0.277066,Обрыв depth=4; продолжение неизвестно. Вход: 1/20000 KZT; выход: 0/0 KZT; k=0.00; depth=4.
100000004991593100,peripheral,0.1,6,0.35002,Обрыв depth=4; продолжение неизвестно. Вход: 1/45000 KZT; выход: 0/0 KZT; k=0.00; depth=4.
100000004991812100,peripheral,0.25,22,0.2321,Порогов ролей не достиг; требуется контекст. Вход: 1/10000 KZT; выход: 0/0 KZT; k=0.00; depth=3.
100000004993576100,terminal,0.5,15,0.533585,Гипотеза конечного получения. Вход: 1/167000 KZT; выход: 0/0 KZT; k=0.00; depth=2.
100000004997515100,consolidator,0.7,5,0.802165,Гипотеза консолидации. Вход: 4/395000 KZT; выход: 4/54500 KZT; k=0.14; depth=3.
100000005008589100,peripheral,0.25,1,0.348826,Порогов ролей не достиг; требуется контекст. Вход: 1/42807 KZT; выход: 0/0 KZT; k=0.00; depth=3.
100000005010159100,peripheral,0.1,6,0.209984,Обрыв depth=4; продолжение неизвестно. Вход: 1/7092 KZT; выход: 0/0 KZT; k=0.00; depth=4.
100000005017150100,peripheral,0.1,78,0.0,Seed без исходящих; нет наблюдаемых связей. Вход: 0/0 KZT; выход: 0/0 KZT; k=н/д; depth=0.
100000005022552100,peripheral,0.25,4,0.538105,Порогов ролей не достиг; требуется контекст. Вход: 1/241000 KZT; выход: 1/5000 KZT; k=0.02; depth=3.
100000005022964100,peripheral,0.25,3,0.281566,Порогов ролей не достиг; требуется контекст. Вход: 1/20000 KZT; выход: 0/0 KZT; k=0.00; depth=2.
100000005025629100,peripheral,0.1,7,0.200909,Обрыв depth=4; продолжение неизвестно. Вход: 1/5227 KZT; выход: 0/0 KZT; k=0.00; depth=4.
100000005030592100,peripheral,0.25,15,0.2321,Порогов ролей не достиг; требуется контекст. Вход: 1/10000 KZT; выход: 0/0 KZT; k=0.00; depth=2.
100000005031696100,peripheral,0.25,51,0.509724,Порогов ролей не достиг; требуется контекст. Вход: 1/5000 KZT; выход: 2/115000 KZT; k=23.00; depth=2.
100000005032294100,peripheral,0.25,14,0.2321,Порогов ролей не достиг; требуется контекст. Вход: 1/10000 KZT; выход: 0/0 KZT; k=0.00; depth=2.
100000005034574100,terminal,0.5,65,0.564902,Гипотеза конечного получения. Вход: 1/258816 KZT; выход: 0/0 KZT; k=0.00; depth=1.
100000005037490100,peripheral,0.25,13,0.42218,Порогов ролей не достиг; требуется контекст. Вход: 1/15000 KZT; выход: 2/30000 KZT; k=2.00; depth=3.
100000005041147100,peripheral,0.1,1,0.2276,Обрыв depth=4; продолжение неизвестно. Вход: 1/10000 KZT; выход: 0/0 KZT; k=0.00; depth=4.
100000005041905100,peripheral,0.25,2,0.612126,Порогов ролей не достиг; требуется контекст. Вход: 1/5000 KZT; выход: 1/1080351 KZT; k=216.07; depth=3.
100000005042822100,peripheral,0.1,31,0.561763,Обрыв depth=4; продолжение неизвестно. Вход: 1/1000000 KZT; выход: 0/0 KZT; k=0.00; depth=4.
100000005048668100,peripheral,0.25,6,0.571157,Порогов ролей не достиг; требуется контекст. Вход: 2/16668 KZT; выход: 8/159400 KZT; k=9.56; depth=3.
100000005049404100,peripheral,0.1,7,0.419948,Обрыв depth=4; продолжение неизвестно. Вход: 1/98000 KZT; выход: 0/0 KZT; k=0.00; depth=4.
100000005052998100,peripheral,0.25,1,0.382589,Порогов ролей не достиг; требуется контекст. Вход: 1/9500 KZT; выход: 1/28400 KZT; k=2.99; depth=3.
100000005053653100,peripheral,0.25,13,0.481254,Порогов ролей не достиг; требуется контекст. Вход: 2/63073 KZT; выход: 1/25000 KZT; k=0.40; depth=2.
100000005055454100,peripheral,0.25,29,0.211637,Порогов ролей не достиг; требуется контекст. Вход: 1/6500 KZT; выход: 0/0 KZT; k=0.00; depth=3.
100000005056870100,peripheral,0.25,46,0.281566,Порогов ролей не достиг; требуется контекст. Вход: 1/20000 KZT; выход: 0/0 KZT; k=0.00; depth=1.
100000005059998100,peripheral,0.25,1,0.269822,Порогов ролей не достиг; требуется контекст. Вход: 1/18000 KZT; выход: 0/0 KZT; k=0.00; depth=2.
100000005061890100,peripheral,0.25,3,0.416441,Порогов ролей не достиг; требуется контекст. Вход: 1/90000 KZT; выход: 0/0 KZT; k=0.00; depth=3.
100000005074393100,peripheral,0.25,13,0.673292,Порогов ролей не достиг; требуется контекст. Вход: 4/563026 KZT; выход: 6/685500 KZT; k=1.22; depth=1.
100000005075949100,peripheral,0.1,47,0.580447,Обрыв depth=4; продолжение неизвестно. Вход: 1/2226000 KZT; выход: 0/0 KZT; k=0.00; depth=4.
100000005077484100,peripheral,0.25,29,0.531432,Порогов ролей не достиг; требуется контекст. Вход: 1/150000 KZT; выход: 2/13550 KZT; k=0.09; depth=2.
100000005079473100,peripheral,0.1,6,0.336852,Обрыв depth=4; продолжение неизвестно. Вход: 1/39312 KZT; выход: 0/0 KZT; k=0.00; depth=4.
100000005079754100,peripheral,0.25,3,0.543176,Порогов ролей не достиг; требуется контекст. Вход: 1/70000 KZT; выход: 2/122000 KZT; k=1.74; depth=1.
100000005082652100,peripheral,0.25,8,0.321246,Порогов ролей не достиг; требуется контекст. Вход: 1/30000 KZT; выход: 0/0 KZT; k=0.00; depth=3.
100000005087431100,peripheral,0.1,79,0.0,Seed без исходящих; нет наблюдаемых связей. Вход: 0/0 KZT; выход: 0/0 KZT; k=н/д; depth=0.
100000005087923100,peripheral,0.1,27,0.277066,Обрыв depth=4; продолжение неизвестно. Вход: 1/20000 KZT; выход: 0/0 KZT; k=0.00; depth=4.
100000005089460100,peripheral,0.25,2,0.239217,Порогов ролей не достиг; требуется контекст. Вход: 1/12300 KZT; выход: 0/0 KZT; k=0.00; depth=3.
100000005092518100,peripheral,0.25,2,0.304698,Порогов ролей не достиг; требуется контекст. Вход: 1/26144 KZT; выход: 0/0 KZT; k=0.00; depth=1.
100000005093521100,peripheral,0.25,3,0.253274,Порогов ролей не достиг; требуется контекст. Вход: 1/15200 KZT; выход: 0/0 KZT; k=0.00; depth=1.
100000005100475100,peripheral,0.25,8,0.344377,Порогов ролей не достиг; требуется контекст. Вход: 1/40000 KZT; выход: 0/0 KZT; k=0.00; depth=3.
100000005105153100,peripheral,0.25,1,0.321246,Порогов ролей не достиг; требуется контекст. Вход: 1/30000 KZT; выход: 0/0 KZT; k=0.00; depth=2.
100000005124479100,peripheral,0.25,1,0.540062,Порогов ролей не достиг; требуется контекст. Вход: 2/137753 KZT; выход: 2/22000 KZT; k=0.16; depth=1.
100000005127767100,peripheral,0.25,39,0.214306,Порогов ролей не достиг; требуется контекст. Вход: 1/7000 KZT; выход: 0/0 KZT; k=0.00; depth=3.
100000005133757100,peripheral,0.25,6,0.434368,Порогов ролей не достиг; требуется контекст. Вход: 2/65000 KZT; выход: 0/0 KZT; k=0.00; depth=1.
100000005140601100,peripheral,0.25,6,0.580854,Порогов ролей не достиг; требуется контекст. Вход: 3/52685 KZT; выход: 2/195300 KZT; k=3.71; depth=2.
100000005142492100,peripheral,0.25,8,0.436504,Порогов ролей не достиг; требуется контекст. Вход: 1/10000 KZT; выход: 1/57000 KZT; k=5.70; depth=3.
100000005142589100,peripheral,0.25,1,0.368932,Порогов ролей не достиг; требуется контекст. Вход: 1/50000 KZT; выход: 0/0 KZT; k=0.00; depth=2.
100000005146665100,peripheral,0.1,56,0.203222,Обрыв depth=4; продолжение неизвестно. Вход: 1/5500 KZT; выход: 0/0 KZT; k=0.00; depth=4.
100000005168487100,peripheral,0.25,10,0.484012,Порогов ролей не достиг; требуется контекст. Вход: 1/15000 KZT; выход: 1/103510 KZT; k=6.90; depth=2.
100000005171642100,transit,0.6,27,0.751253,Гипотеза транзита. Вход: 2/696800 KZT; выход: 1/683600 KZT; k=0.98; depth=3.
100000005172860100,peripheral,0.25,1,0.253452,Порогов ролей не достиг; требуется контекст. Вход: 1/15209 KZT; выход: 0/0 KZT; k=0.00; depth=3.
100000005175148100,peripheral,0.25,15,0.487482,Порогов ролей не достиг; требуется контекст. Вход: 2/79000 KZT; выход: 1/15000 KZT; k=0.19; depth=2.
100000005182219100,peripheral,0.25,7,0.42298,Порогов ролей не достиг; требуется контекст. Вход: 2/55000 KZT; выход: 0/0 KZT; k=0.00; depth=3.
100000005183943100,terminal,0.5,44,0.620952,Гипотеза конечного получения. Вход: 1/680900 KZT; выход: 0/0 KZT; k=0.00; depth=1.
100000005186109100,peripheral,0.25,15,0.20452,Порогов ролей не достиг; требуется контекст. Вход: 1/5000 KZT; выход: 0/0 KZT; k=0.00; depth=3.
100000005186131100,transit,0.6,1,0.434438,Гипотеза транзита. Вход: 1/10000 KZT; выход: 1/10000 KZT; k=1.00; depth=3.
100000005187208100,peripheral,0.25,7,0.246157,Порогов ролей не достиг; требуется контекст. Вход: 1/14160 KZT; выход: 0/0 KZT; k=0.00; depth=3.
100000005189258100,peripheral,0.1,1,0.364432,Обрыв depth=4; продолжение неизвестно. Вход: 1/50000 KZT; выход: 0/0 KZT; k=0.00; depth=4.
100000005198498100,peripheral,0.25,2,0.313416,Порогов ролей не достиг; требуется контекст. Вход: 1/28800 KZT; выход: 0/0 KZT; k=0.00; depth=3.
100000005198906100,peripheral,0.25,7,0.547536,Порогов ролей не достиг; требуется контекст. Вход: 1/227970 KZT; выход: 1/60000 KZT; k=0.26; depth=3.
100000005203590100,peripheral,0.25,8,0.416441,Порогов ролей не достиг; требуется контекст. Вход: 1/90000 KZT; выход: 0/0 KZT; k=0.00; depth=2.
100000005205745100,peripheral,0.25,8,0.210036,Порогов ролей не достиг; требуется контекст. Вход: 1/6000 KZT; выход: 0/0 KZT; k=0.00; depth=2.
100000005209352100,peripheral,0.1,1,0.20002,Обрыв depth=4; продолжение неизвестно. Вход: 1/5000 KZT; выход: 0/0 KZT; k=0.00; depth=4.
100000005222360100,peripheral,0.25,14,0.370311,Порогов ролей не достиг; требуется контекст. Вход: 1/5000 KZT; выход: 1/27000 KZT; k=5.40; depth=3.
100000005226217100,peripheral,0.1,5,0.260696,Обрыв depth=4; продолжение неизвестно. Вход: 1/17500 KZT; выход: 0/0 KZT; k=0.00; depth=4.
100000005228059100,peripheral,0.25,2,0.304164,Порогов ролей не достиг; требуется контекст. Вход: 1/26000 KZT; выход: 0/0 KZT; k=0.00; depth=1.
100000005233755100,peripheral,0.25,16,0.364617,Порогов ролей не достиг; требуется контекст. Вход: 1/25000 KZT; выход: 1/5000 KZT; k=0.20; depth=3.
100000005235389100,peripheral,0.1,80,0.0,Seed без исходящих; нет наблюдаемых связей. Вход: 0/0 KZT; выход: 0/0 KZT; k=н/д; depth=0.
100000005237935150,peripheral,0.25,12,0.331032,Порогов ролей не достиг; требуется контекст. Вход: 1/34508 KZT; выход: 0/0 KZT; k=0.00; depth=2.
100000005241556100,peripheral,0.25,17,0.429431,Порогов ролей не достиг; требуется контекст. Вход: 1/100000 KZT; выход: 0/0 KZT; k=0.00; depth=3.
100000005242320100,distributor,0.75,12,0.875819,Гипотеза распределения. Вход: 2/365700 KZT; выход: 21/8936295 KZT; k=24.44; depth=2.
100000005264874100,peripheral,0.25,37,0.501183,Порогов ролей не достиг; требуется контекст. Вход: 1/30000 KZT; выход: 2/78000 KZT; k=2.60; depth=3.
100000005264990100,peripheral,0.2,20,0.514808,Порогов ролей не достиг; требуется контекст. Вход seed неполон. Вход: 1/17070 KZT; выход: 2/122000 KZT; k=7.15; depth=0.
100000005265073100,peripheral,0.25,20,0.289173,Порогов ролей не достиг; требуется контекст. Вход: 1/5000 KZT; выход: 1/9000 KZT; k=1.80; depth=3.
100000005268319100,peripheral,0.25,1,0.52734,Порогов ролей не достиг; требуется контекст. Вход: 1/19713 KZT; выход: 5/91000 KZT; k=4.62; depth=3.
100000005272139100,peripheral,0.1,4,0.460518,Обрыв depth=4; продолжение неизвестно. Вход: 1/165000 KZT; выход: 0/0 KZT; k=0.00; depth=4.
100000005287097100,peripheral,0.25,4,0.663372,Порогов ролей не достиг; требуется контекст. Вход: 2/127173 KZT; выход: 9/697300 KZT; k=5.48; depth=1.
100000005293969100,peripheral,0.1,1,0.201977,Обрыв depth=4; продолжение неизвестно. Вход: 1/5467 KZT; выход: 0/0 KZT; k=0.00; depth=4.
100000005308954100,peripheral,0.25,4,0.468176,Порогов ролей не достиг; требуется контекст. Вход: 1/69020 KZT; выход: 1/30000 KZT; k=0.43; depth=3.
100000005314565100,terminal,0.5,1,0.552802,Гипотеза конечного получения. Вход: 1/218500 KZT; выход: 0/0 KZT; k=0.00; depth=3.
100000005316708100,peripheral,0.25,8,0.582856,Порогов ролей не достиг; требуется контекст. Вход: 1/90000 KZT; выход: 2/257500 KZT; k=2.86; depth=1.
100000005317181100,peripheral,0.25,1,0.503941,Порогов ролей не достиг; требуется контекст. Вход: 1/141250 KZT; выход: 1/14500 KZT; k=0.10; depth=3.
100000005326681100,peripheral,0.25,15,0.32427,Порогов ролей не достиг; требуется контекст. Вход: 1/31228 KZT; выход: 0/0 KZT; k=0.00; depth=2.
100000005328215100,peripheral,0.25,10,0.310214,Порогов ролей не достиг; требуется контекст. Вход: 1/27000 KZT; выход: 0/0 KZT; k=0.00; depth=2.
100000005339662100,peripheral,0.25,15,0.638817,Порогов ролей не достиг; требуется контекст. Вход: 4/202939 KZT; выход: 4/295160 KZT; k=1.45; depth=1.
100000005342513100,peripheral,0.25,2,0.541842,Порогов ролей не достиг; требуется контекст. Вход: 1/235000 KZT; выход: 1/30000 KZT; k=0.13; depth=3.
100000005357034100,peripheral,0.25,1,0.221068,Порогов ролей не достиг; требуется контекст. Вход: 1/9754 KZT; выход: 0/0 KZT; k=0.00; depth=3.
100000005357705100,peripheral,0.25,6,0.616085,Порогов ролей не достиг; требуется контекст. Вход: 1/52595 KZT; выход: 4/387080 KZT; k=7.36; depth=3.
100000005360814100,peripheral,0.1,6,0.447351,Обрыв depth=4; продолжение неизвестно. Вход: 1/144000 KZT; выход: 0/0 KZT; k=0.00; depth=4.
100000005362848100,peripheral,0.25,9,0.314484,Порогов ролей не достиг; требуется контекст. Вход: 1/29000 KZT; выход: 0/0 KZT; k=0.00; depth=3.
100000005363908100,transit,0.6,49,0.493868,Гипотеза транзита. Вход: 1/19500 KZT; выход: 1/19500 KZT; k=1.00; depth=1.
100000005367180100,peripheral,0.1,6,0.210874,Обрыв depth=4; продолжение неизвестно. Вход: 1/7700 KZT; выход: 0/0 KZT; k=0.00; depth=4.
100000005367284100,peripheral,0.25,1,0.455276,Порогов ролей не достиг; требуется контекст. Вход: 1/13700 KZT; выход: 2/48300 KZT; k=3.53; depth=3.
100000005367445100,transit,0.6,5,0.384972,Гипотеза транзита. Вход: 1/5000 KZT; выход: 1/5000 KZT; k=1.00; depth=3.
100000005370558100,peripheral,0.1,1,0.20002,Обрыв depth=4; продолжение неизвестно. Вход: 1/5000 KZT; выход: 0/0 KZT; k=0.00; depth=4.
100000005370580100,peripheral,0.1,13,0.291479,Seed только получатель; роль не установлена. Вход: 1/24075 KZT; выход: 0/0 KZT; k=0.00; depth=0.
100000005375968100,peripheral,0.25,1,0.564528,Порогов ролей не достиг; требуется контекст. Вход: 1/170082 KZT; выход: 2/86000 KZT; k=0.51; depth=3.
100000005382566100,peripheral,0.2,20,0.628242,Порогов ролей не достиг; требуется контекст. Вход seed неполон. Вход: 7/393066 KZT; выход: 1/50000 KZT; k=0.13; depth=0.
100000005386383100,peripheral,0.2,20,0.458224,Порогов ролей не достиг; требуется контекст. Вход seed неполон. Вход: 2/37500 KZT; выход: 1/29000 KZT; k=0.77; depth=0.
100000005392290100,peripheral,0.2,69,0.403909,Порогов ролей не достиг; требуется контекст. Вход seed неполон. Вход: 0/0 KZT; выход: 1/81465 KZT; k=н/д; depth=0.
100000005394708100,peripheral,0.25,20,0.461415,Порогов ролей не достиг; требуется контекст. Вход: 1/26000 KZT; выход: 1/65000 KZT; k=2.50; depth=1.
100000005395727100,peripheral,0.1,15,0.257493,Seed только получатель; роль не установлена. Вход: 1/17000 KZT; выход: 0/0 KZT; k=0.00; depth=0.
100000005402643100,peripheral,0.25,9,0.528319,Порогов ролей не достиг; требуется контекст. Вход: 1/127800 KZT; выход: 1/90000 KZT; k=0.70; depth=2.
100000005409156100,terminal,0.5,7,0.608808,Гипотеза конечного получения. Вход: 2/260080 KZT; выход: 0/0 KZT; k=0.00; depth=3.
100000005409680100,peripheral,0.1,18,0.418658,Seed только получатель; роль не установлена. Вход: 2/55060 KZT; выход: 0/0 KZT; k=0.00; depth=0.
100000005413948100,peripheral,0.25,5,0.396023,Порогов ролей не достиг; требуется контекст. Вход: 2/28215 KZT; выход: 1/5000 KZT; k=0.18; depth=2.
100000005417257100,peripheral,0.2,20,0.474683,Порогов ролей не достиг; требуется контекст. Вход seed неполон. Вход: 0/0 KZT; выход: 2/106000 KZT; k=н/д; depth=0.
100000005432267100,terminal,0.5,3,0.626957,Гипотеза конечного получения. Вход: 2/350001 KZT; выход: 0/0 KZT; k=0.00; depth=1.
100000005454368100,peripheral,0.1,13,0.400509,Seed только получатель; роль не установлена. Вход: 2/48600 KZT; выход: 0/0 KZT; k=0.00; depth=0.
100000005456919100,peripheral,0.25,43,0.605276,Порогов ролей не достиг; требуется контекст. Вход: 2/479950 KZT; выход: 1/5000 KZT; k=0.01; depth=1.
100000005473151100,coordinator,0.65,9,0.858123,Гипотеза связующего узла. Вход: 3/1220000 KZT; выход: 4/225000 KZT; k=0.18; depth=1.
100000005474472100,peripheral,0.25,23,0.429431,Порогов ролей не достиг; требуется контекст. Вход: 1/100000 KZT; выход: 0/0 KZT; k=0.00; depth=2.
100000005475379100,peripheral,0.25,10,0.55234,Порогов ролей не достиг; требуется контекст. Вход: 1/108370 KZT; выход: 3/81000 KZT; k=0.75; depth=3.
100000005480435100,peripheral,0.1,81,0.0,Seed без исходящих; нет наблюдаемых связей. Вход: 0/0 KZT; выход: 0/0 KZT; k=н/д; depth=0.
100000005481280100,peripheral,0.25,15,0.485436,Порогов ролей не достиг; требуется контекст. Вход: 1/32700 KZT; выход: 3/50000 KZT; k=1.53; depth=2.
100000005485830100,peripheral,0.2,46,0.585226,Порогов ролей не достиг; требуется контекст. Вход seed неполон. Вход: 0/0 KZT; выход: 5/275885 KZT; k=н/д; depth=0.
100000005493505100,peripheral,0.1,3,0.450954,Seed только получатель; роль не установлена. Вход: 3/62020 KZT; выход: 0/0 KZT; k=0.00; depth=0.
100000005495211100,peripheral,0.1,1,0.242546,Обрыв depth=4; продолжение неизвестно. Вход: 1/14500 KZT; выход: 0/0 KZT; k=0.00; depth=4.
100000005495722100,peripheral,0.1,82,0.0,Seed без исходящих; нет наблюдаемых связей. Вход: 0/0 KZT; выход: 0/0 KZT; k=н/д; depth=0.
100000005496254100,peripheral,0.25,1,0.240285,Порогов ролей не достиг; требуется контекст. Вход: 1/12700 KZT; выход: 0/0 KZT; k=0.00; depth=1.
100000005497148100,peripheral,0.1,7,0.290767,Обрыв depth=4; продолжение неизвестно. Вход: 1/24000 KZT; выход: 0/0 KZT; k=0.00; depth=4.
100000005498992100,distributor,0.6,9,0.828875,Гипотеза распределения. Вход seed неполон. Вход: 0/0 KZT; выход: 16/2262868 KZT; k=н/д; depth=0.
100000005505655100,peripheral,0.25,25,0.443176,Порогов ролей не достиг; требуется контекст. Вход: 2/33070 KZT; выход: 1/20000 KZT; k=0.60; depth=1.
100000005507142100,peripheral,0.25,37,0.549048,Порогов ролей не достиг; требуется контекст. Вход: 3/51000 KZT; выход: 3/100000 KZT; k=1.96; depth=2.
100000005514161100,consolidator,0.7,8,0.790466,Гипотеза консолидации. Вход: 4/401500 KZT; выход: 1/50000 KZT; k=0.12; depth=1.
100000005519347100,peripheral,0.2,4,0.535093,Порогов ролей не достиг; требуется контекст. Вход seed неполон. Вход: 2/73100 KZT; выход: 1/99000 KZT; k=1.35; depth=0.
100000005519998100,transit,0.6,34,0.721359,Гипотеза транзита. Вход: 3/182000 KZT; выход: 3/188000 KZT; k=1.03; depth=2.
100000005523088100,peripheral,0.1,20,0.549486,Seed только получатель; роль не установлена. Вход: 1/700000 KZT; выход: 0/0 KZT; k=0.00; depth=0.
100000005527892100,peripheral,0.25,17,0.660169,Порогов ролей не достиг; требуется контекст. Вход: 3/220001 KZT; выход: 8/552419 KZT; k=2.51; depth=1.
100000005530114100,peripheral,0.25,16,0.530543,Порогов ролей не достиг; требуется контекст. Вход: 2/136970 KZT; выход: 1/25000 KZT; k=0.18; depth=3.
100000005532138100,peripheral,0.25,8,0.301851,Порогов ролей не достиг; требуется контекст. Вход: 1/25046 KZT; выход: 0/0 KZT; k=0.00; depth=3.
100000005539201100,peripheral,0.25,4,0.440418,Порогов ролей не достиг; требуется контекст. Вход: 1/45504 KZT; выход: 1/25000 KZT; k=0.55; depth=1.
100000005539910100,peripheral,0.25,3,0.510614,Порогов ролей не достиг; требуется контекст. Вход: 1/102000 KZT; выход: 2/22000 KZT; k=0.22; depth=2.
100000005543136100,peripheral,0.2,3,0.2306,Порогов ролей не достиг; требуется контекст. Вход seed неполон. Вход: 0/0 KZT; выход: 1/10000 KZT; k=н/д; depth=0.
100000005546031100,consolidator,0.7,49,0.649141,Гипотеза консолидации. Вход: 3/66800 KZT; выход: 1/8000 KZT; k=0.12; depth=1.
100000005547096100,peripheral,0.25,49,0.557589,Порогов ролей не достиг; требуется контекст. Вход: 1/8000 KZT; выход: 2/226300 KZT; k=28.29; depth=2.
100000005550592100,peripheral,0.1,83,0.0,Seed без исходящих; нет наблюдаемых связей. Вход: 0/0 KZT; выход: 0/0 KZT; k=н/д; depth=0.
100000005553088100,peripheral,0.1,6,0.260696,Обрыв depth=4; продолжение неизвестно. Вход: 1/17500 KZT; выход: 0/0 KZT; k=0.00; depth=4.
100000005560900100,peripheral,0.1,84,0.0,Seed без исходящих; нет наблюдаемых связей. Вход: 0/0 KZT; выход: 0/0 KZT; k=н/д; depth=0.
100000005561741100,peripheral,0.25,9,0.301673,Порогов ролей не достиг; требуется контекст. Вход: 1/25000 KZT; выход: 0/0 KZT; k=0.00; depth=2.
100000005567828100,peripheral,0.1,9,0.415322,Обрыв depth=4; продолжение неизвестно. Вход: 1/94000 KZT; выход: 0/0 KZT; k=0.00; depth=4.
100000005568407100,peripheral,0.1,85,0.0,Seed без исходящих; нет наблюдаемых связей. Вход: 0/0 KZT; выход: 0/0 KZT; k=н/д; depth=0.
100000005572303100,peripheral,0.25,4,0.465685,Порогов ролей не достиг; требуется контекст. Вход: 1/75000 KZT; выход: 1/20000 KZT; k=0.27; depth=2.
100000005578559100,distributor,0.75,9,0.848772,Гипотеза распределения. Вход: 2/131000 KZT; выход: 21/893164 KZT; k=6.82; depth=2.
100000005584222100,peripheral,0.25,1,0.586504,Порогов ролей не достиг; требуется контекст. Вход: 2/192717 KZT; выход: 2/108587 KZT; k=0.56; depth=1.
100000005588444100,peripheral,0.25,8,0.239217,Порогов ролей не достиг; требуется контекст. Вход: 1/12300 KZT; выход: 0/0 KZT; k=0.00; depth=1.
100000005589319100,peripheral,0.1,3,0.299664,Обрыв depth=4; продолжение неизвестно. Вход: 1/26000 KZT; выход: 0/0 KZT; k=0.00; depth=4.
100000005602999100,peripheral,0.25,10,0.352429,Порогов ролей не достиг; требуется контекст. Вход: 1/5000 KZT; выход: 2/16000 KZT; k=3.20; depth=2.
100000005608515100,peripheral,0.25,8,0.389217,Порогов ролей не достиг; требуется контекст. Вход: 1/64000 KZT; выход: 0/0 KZT; k=0.00; depth=2.
100000005610717100,peripheral,0.25,1,0.641708,Порогов ролей не достиг; требуется контекст. Вход: 4/484500 KZT; выход: 1/265200 KZT; k=0.55; depth=3.
100000005612411100,peripheral,0.25,3,0.653941,Порогов ролей не достиг; требуется контекст. Вход: 3/115500 KZT; выход: 8/506997 KZT; k=4.39; depth=1.
100000005614315100,terminal,0.5,4,0.601201,Гипотеза конечного получения. Вход: 1/455000 KZT; выход: 0/0 KZT; k=0.00; depth=2.
100000005616568100,peripheral,0.1,7,0.539699,Обрыв depth=4; продолжение неизвестно. Вход: 1/530000 KZT; выход: 0/0 KZT; k=0.00; depth=4.
100000005619339100,transit,0.6,4,0.385861,Гипотеза транзита. Вход: 1/5000 KZT; выход: 1/5443 KZT; k=1.09; depth=2.
100000005620225100,peripheral,0.25,1,0.407144,Порогов ролей не достиг; требуется контекст. Вход: 2/49846 KZT; выход: 0/0 KZT; k=0.00; depth=1.
100000005621418100,peripheral,0.1,26,0.316746,Обрыв depth=4; продолжение неизвестно. Вход: 1/30000 KZT; выход: 0/0 KZT; k=0.00; depth=4.
100000005628518100,peripheral,0.25,18,0.402206,Порогов ролей не достиг; требуется контекст. Вход: 1/77000 KZT; выход: 0/0 KZT; k=0.00; depth=3.
100000005634552100,peripheral,0.25,1,0.650027,Порогов ролей не достиг; требуется контекст. Вход: 1/25850 KZT; выход: 3/1196000 KZT; k=46.27; depth=1.
100000005636951100,peripheral,0.1,27,0.339877,Обрыв depth=4; продолжение неизвестно. Вход: 1/40000 KZT; выход: 0/0 KZT; k=0.00; depth=4.
100000005660203100,peripheral,0.25,4,0.617553,Порогов ролей не достиг; требуется контекст. Вход: 1/572899 KZT; выход: 2/41000 KZT; k=0.07; depth=2.
100000005661528100,peripheral,0.25,6,0.301673,Порогов ролей не достиг; требуется контекст. Вход: 1/25000 KZT; выход: 0/0 KZT; k=0.00; depth=3.
100000005661829100,transit,0.6,18,0.5799,Гипотеза транзита. Вход: 1/37790 KZT; выход: 2/40362 KZT; k=1.07; depth=3.
100000005664632100,terminal,0.5,66,0.544973,Гипотеза конечного получения. Вход: 1/198620 KZT; выход: 0/0 KZT; k=0.00; depth=2.
100000005664922100,peripheral,0.25,23,0.632278,Порогов ролей не достиг; требуется контекст. Вход: 2/22000 KZT; выход: 3/537000 KZT; k=24.41; depth=2.
100000005665181100,distributor,0.75,7,0.765231,Гипотеза распределения. Вход: 4/45498 KZT; выход: 11/181915 KZT; k=4.00; depth=2.
100000005667841100,terminal,0.5,5,0.583541,Гипотеза конечного получения. Вход: 2/186000 KZT; выход: 0/0 KZT; k=0.00; depth=3.
100000005668605100,peripheral,0.1,20,0.483694,Seed только получатель; роль не установлена. Вход: 3/94500 KZT; выход: 0/0 KZT; k=0.00; depth=0.
100000005669845100,peripheral,0.25,29,0.281566,Порогов ролей не достиг; требуется контекст. Вход: 1/20000 KZT; выход: 0/0 KZT; k=0.00; depth=1.
100000005674387100,peripheral,0.25,2,0.307367,Порогов ролей не достиг; требуется контекст. Вход: 1/26200 KZT; выход: 0/0 KZT; k=0.00; depth=3.
100000005685783100,peripheral,0.1,2,0.301087,Обрыв depth=4; продолжение неизвестно. Вход: 1/26150 KZT; выход: 0/0 KZT; k=0.00; depth=4.
100000005704413100,coordinator,0.65,9,0.873425,Гипотеза связующего узла. Вход: 3/97835 KZT; выход: 32/1363593 KZT; k=13.94; depth=3.
100000005709551100,peripheral,0.25,13,0.296512,Порогов ролей не достиг; требуется контекст. Вход: 1/24560 KZT; выход: 0/0 KZT; k=0.00; depth=3.
100000005711521100,peripheral,0.1,13,0.48703,Обрыв depth=4; продолжение неизвестно. Вход: 1/238000 KZT; выход: 0/0 KZT; k=0.00; depth=4.
100000005723580100,peripheral,0.1,5,0.329023,Обрыв depth=4; продолжение неизвестно. Вход: 1/35000 KZT; выход: 0/0 KZT; k=0.00; depth=4.
100000005730108100,peripheral,0.25,1,0.216975,Порогов ролей не достиг; требуется контекст. Вход: 1/8000 KZT; выход: 0/0 KZT; k=0.00; depth=2.
100000005744674100,peripheral,0.2,20,0.36761,Порогов ролей не достиг; требуется контекст. Вход seed неполон. Вход: 0/0 KZT; выход: 1/50066 KZT; k=н/д; depth=0.
100000005745873100,peripheral,0.1,41,0.48187,Обрыв depth=4; продолжение неизвестно. Вход: 1/223000 KZT; выход: 0/0 KZT; k=0.00; depth=4.
100000005754335100,peripheral,0.25,42,0.350071,Порогов ролей не достиг; требуется контекст. Вход: 1/44037 KZT; выход: 0/0 KZT; k=0.00; depth=3.
100000005756189100,peripheral,0.25,7,0.481521,Порогов ролей не достиг; требуется контекст. Вход: 1/65000 KZT; выход: 1/49050 KZT; k=0.75; depth=3.
100000005756535100,peripheral,0.25,2,0.281566,Порогов ролей не достиг; требуется контекст. Вход: 1/20000 KZT; выход: 0/0 KZT; k=0.00; depth=3.
100000005767403100,peripheral,0.1,34,0.56461,Обрыв depth=4; продолжение неизвестно. Вход: 1/1100000 KZT; выход: 0/0 KZT; k=0.00; depth=4.
100000005778283100,consolidator,0.7,8,0.788909,Гипотеза консолидации. Вход: 3/615760 KZT; выход: 0/0 KZT; k=0.00; depth=1.
100000005782781100,distributor,0.75,8,0.854555,Гипотеза распределения. Вход: 6/171888 KZT; выход: 10/1263597 KZT; k=7.35; depth=2.
100000005782886100,peripheral,0.1,5,0.241301,Обрыв depth=4; продолжение неизвестно. Вход: 1/14000 KZT; выход: 0/0 KZT; k=0.00; depth=4.
100000005783452100,peripheral,0.1,12,0.542324,Обрыв depth=4; продолжение неизвестно. Вход: 2/286500 KZT; выход: 0/0 KZT; k=0.00; depth=4.
100000005799271100,peripheral,0.25,10,0.35452,Порогов ролей не достиг; требуется контекст. Вход: 1/45000 KZT; выход: 0/0 KZT; k=0.00; depth=2.
100000005807278100,peripheral,0.25,46,0.217153,Порогов ролей не достиг; требуется контекст. Вход: 1/8385 KZT; выход: 0/0 KZT; k=0.00; depth=1.
100000005809252100,peripheral,0.25,7,0.301673,Порогов ролей не достиг; требуется контекст. Вход: 1/25000 KZT; выход: 0/0 KZT; k=0.00; depth=2.
100000005815602100,peripheral,0.25,4,0.515863,Порогов ролей не достиг; требуется контекст. Вход: 1/20000 KZT; выход: 1/165000 KZT; k=8.25; depth=3.
100000005820746100,peripheral,0.25,23,0.627429,Порогов ролей не достиг; требуется контекст. Вход: 1/1989000 KZT; выход: 1/60000 KZT; k=0.03; depth=3.
100000005830339100,peripheral,0.25,3,0.650827,Порогов ролей не достиг; требуется контекст. Вход: 5/476341 KZT; выход: 1/339251 KZT; k=0.71; depth=3.
100000005834479100,peripheral,0.25,6,0.353852,Порогов ролей не достиг; требуется контекст. Вход: 1/7500 KZT; выход: 2/14470 KZT; k=1.93; depth=2.
100000005844459100,terminal,0.5,1,0.604359,Гипотеза конечного получения. Вход: 2/243400 KZT; выход: 0/0 KZT; k=0.00; depth=1.
100000005847078100,peripheral,0.25,2,0.25968,Порогов ролей не достиг; требуется контекст. Вход: 1/16300 KZT; выход: 0/0 KZT; k=0.00; depth=3.
100000005849100100,peripheral,0.25,3,0.328719,Порогов ролей не достиг; требуется контекст. Вход: 1/33300 KZT; выход: 0/0 KZT; k=0.00; depth=2.
100000005849862100,peripheral,0.1,8,0.237386,Обрыв depth=4; продолжение неизвестно. Вход: 1/13000 KZT; выход: 0/0 KZT; k=0.00; depth=4.
100000005852946100,peripheral,0.25,3,0.293488,Порогов ролей не достиг; требуется контекст. Вход: 1/23746 KZT; выход: 0/0 KZT; k=0.00; depth=1.
100000005857058100,consolidator,0.7,1,0.642646,Гипотеза консолидации. Вход: 3/80222 KZT; выход: 0/0 KZT; k=0.00; depth=3.
100000005873152100,transit,0.6,10,0.434438,Гипотеза транзита. Вход: 1/10000 KZT; выход: 1/10000 KZT; k=1.00; depth=3.
100000005877725100,peripheral,0.25,2,0.396157,Порогов ролей не достиг; требуется контекст. Вход: 1/70000 KZT; выход: 0/0 KZT; k=0.00; depth=1.
100000005878334100,peripheral,0.1,6,0.396995,Обрыв depth=4; продолжение неизвестно. Вход: 1/76400 KZT; выход: 0/0 KZT; k=0.00; depth=4.
100000005882013100,peripheral,0.25,13,0.520044,Порогов ролей не достиг; требуется контекст. Вход: 2/135000 KZT; выход: 1/10000 KZT; k=0.07; depth=2.
100000005888829100,peripheral,0.1,5,0.472084,Обрыв depth=4; продолжение неизвестно. Вход: 1/197000 KZT; выход: 0/0 KZT; k=0.00; depth=4.
100000005893892100,peripheral,0.25,7,0.430854,Порогов ролей не достиг; требуется контекст. Вход: 1/102780 KZT; выход: 0/0 KZT; k=0.00; depth=3.
100000005895525100,peripheral,0.25,46,0.442064,Порогов ролей не достиг; требуется контекст. Вход: 1/120000 KZT; выход: 0/0 KZT; k=0.00; depth=1.
100000005897462100,peripheral,0.25,10,0.424626,Порогов ролей не достиг; требуется контекст. Вход: 1/98400 KZT; выход: 0/0 KZT; k=0.00; depth=1.
100000005901606100,peripheral,0.25,2,0.334591,Порогов ролей не достиг; требуется контекст. Вход: 1/35660 KZT; выход: 0/0 KZT; k=0.00; depth=1.
100000005904580100,peripheral,0.25,11,0.44113,Порогов ролей не достиг; требуется контекст. Вход: 2/72000 KZT; выход: 0/0 KZT; k=0.00; depth=2.
100000005910114100,coordinator,0.65,1,0.876183,Гипотеза связующего узла. Вход: 3/326144 KZT; выход: 19/1469993 KZT; k=4.51; depth=3.
100000005910895100,peripheral,0.1,10,0.200375,Обрыв depth=4; продолжение неизвестно. Вход: 1/5100 KZT; выход: 0/0 KZT; k=0.00; depth=4.
100000005911352100,peripheral,0.25,39,0.42694,Порогов ролей не достиг; требуется контекст. Вход: 2/15000 KZT; выход: 3/24000 KZT; k=1.60; depth=2.
100000005931985100,peripheral,0.25,12,0.401317,Порогов ролей не достиг; требуется контекст. Вход: 1/76000 KZT; выход: 0/0 KZT; k=0.00; depth=2.
100000005932987100,peripheral,0.25,34,0.301673,Порогов ролей не достиг; требуется контекст. Вход: 1/25000 KZT; выход: 0/0 KZT; k=0.00; depth=2.
100000005933757100,coordinator,0.65,14,0.889528,Гипотеза связующего узла. Вход: 4/1246000 KZT; выход: 34/3002628 KZT; k=2.41; depth=2.
100000005939154100,peripheral,0.25,4,0.286904,Порогов ролей не достиг; требуется контекст. Вход: 1/22000 KZT; выход: 0/0 KZT; k=0.00; depth=2.
100000005940652100,peripheral,0.25,38,0.217331,Порогов ролей не достиг; требуется контекст. Вход: 1/8395 KZT; выход: 0/0 KZT; k=0.00; depth=1.
100000005941908100,peripheral,0.25,14,0.2321,Порогов ролей не достиг; требуется контекст. Вход: 1/10000 KZT; выход: 0/0 KZT; k=0.00; depth=3.
100000005942793100,consolidator,0.7,1,0.629212,Гипотеза консолидации. Вход: 4/55000 KZT; выход: 0/0 KZT; k=0.00; depth=2.
100000005958064100,peripheral,0.25,14,0.534991,Порогов ролей не достиг; требуется контекст. Вход: 1/5746 KZT; выход: 2/163987 KZT; k=28.54; depth=1.
100000005961971100,peripheral,0.25,2,0.35968,Порогов ролей не достиг; требуется контекст. Вход: 1/47353 KZT; выход: 0/0 KZT; k=0.00; depth=1.
100000005974542100,peripheral,0.25,22,0.420534,Порогов ролей не достиг; требуется контекст. Вход: 1/94500 KZT; выход: 0/0 KZT; k=0.00; depth=3.
100000005979037100,peripheral,0.1,6,0.382048,Обрыв depth=4; продолжение неизвестно. Вход: 1/60300 KZT; выход: 0/0 KZT; k=0.00; depth=4.
100000005995391100,peripheral,0.25,2,0.264306,Порогов ролей не достиг; требуется контекст. Вход: 1/17200 KZT; выход: 0/0 KZT; k=0.00; depth=3.
100000005996909100,peripheral,0.25,15,0.207722,Порогов ролей не достиг; требуется контекст. Вход: 1/5500 KZT; выход: 0/0 KZT; k=0.00; depth=3.
100000006008169100,peripheral,0.25,11,0.396157,Порогов ролей не достиг; требуется контекст. Вход: 1/70000 KZT; выход: 0/0 KZT; k=0.00; depth=1.
100000006020215100,transit,0.6,13,0.565843,Гипотеза транзита. Вход: 1/30000 KZT; выход: 2/33800 KZT; k=1.13; depth=3.
100000006030946100,peripheral,0.25,2,0.39847,Порогов ролей не достиг; требуется контекст. Вход: 1/73289 KZT; выход: 0/0 KZT; k=0.00; depth=1.
100000006048193100,peripheral,0.25,1,0.346868,Порогов ролей не достиг; требуется контекст. Вход: 1/41559 KZT; выход: 0/0 KZT; k=0.00; depth=3.
100000006069103100,transit,0.6,4,0.741288,Гипотеза транзита. Вход: 3/228818 KZT; выход: 3/270000 KZT; k=1.18; depth=1.
100000006100920100,peripheral,0.25,1,0.429431,Порогов ролей не достиг; требуется контекст. Вход: 1/100000 KZT; выход: 0/0 KZT; k=0.00; depth=3.
100000006111439100,transit,0.6,1,0.556635,Гипотеза транзита. Вход: 3/20570 KZT; выход: 4/24000 KZT; k=1.17; depth=3.
100000006111442100,peripheral,0.25,5,0.389217,Порогов ролей не достиг; требуется контекст. Вход: 1/64000 KZT; выход: 0/0 KZT; k=0.00; depth=3.
100000006122699100,peripheral,0.25,11,0.398425,Порогов ролей не достиг; требуется контекст. Вход: 2/45865 KZT; выход: 0/0 KZT; k=0.00; depth=2.
100000006126743100,peripheral,0.25,7,0.379609,Порогов ролей не достиг; требуется контекст. Вход: 1/55000 KZT; выход: 0/0 KZT; k=0.00; depth=3.
100000006161893100,peripheral,0.25,4,0.245801,Порогов ролей не достиг; требуется контекст. Вход: 1/14000 KZT; выход: 0/0 KZT; k=0.00; depth=2.
100000006165886100,peripheral,0.25,1,0.56524,Порогов ролей не достиг; требуется контекст. Вход: 2/184481 KZT; выход: 1/75000 KZT; k=0.41; depth=3.
100000006169033100,peripheral,0.25,42,0.649671,Порогов ролей не достиг; требуется контекст. Вход: 1/49000 KZT; выход: 3/1140271 KZT; k=23.27; depth=3.
100000006171671100,peripheral,0.1,1,0.2276,Обрыв depth=4; продолжение неизвестно. Вход: 1/10000 KZT; выход: 0/0 KZT; k=0.00; depth=4.
100000006177176100,peripheral,0.25,4,0.218577,Порогов ролей не достиг; требуется контекст. Вход: 1/8911 KZT; выход: 0/0 KZT; k=0.00; depth=1.
100000006209210100,terminal,0.5,8,0.555294,Гипотеза конечного получения. Вход: 1/229111 KZT; выход: 0/0 KZT; k=0.00; depth=3.
100000006225798100,consolidator,0.7,16,0.81253,Гипотеза консолидации. Вход: 3/722000 KZT; выход: 2/26300 KZT; k=0.04; depth=3.
100000006232642100,peripheral,0.1,42,0.529557,Обрыв depth=4; продолжение неизвестно. Вход: 1/456000 KZT; выход: 0/0 KZT; k=0.00; depth=4.
100000006232815100,peripheral,0.2,29,0.624416,Порогов ролей не достиг; требуется контекст. Вход seed неполон. Вход: 1/160000 KZT; выход: 5/296500 KZT; k=1.85; depth=0.
100000006240939100,peripheral,0.25,27,0.656343,Порогов ролей не достиг; требуется контекст. Вход: 1/160000 KZT; выход: 5/778015 KZT; k=4.86; depth=2.
100000006248077100,peripheral,0.25,4,0.368932,Порогов ролей не достиг; требуется контекст. Вход: 1/50000 KZT; выход: 0/0 KZT; k=0.00; depth=2.
100000006249740100,peripheral,0.2,53,0.48527,Порогов ролей не достиг; требуется контекст. Вход seed неполон. Вход: 0/0 KZT; выход: 3/93007 KZT; k=н/д; depth=0.
100000006257675100,peripheral,0.1,21,0.391657,Обрыв depth=4; продолжение неизвестно. Вход: 1/70000 KZT; выход: 0/0 KZT; k=0.00; depth=4.
100000006274203100,peripheral,0.25,18,0.67605,Порогов ролей не достиг; требуется контекст. Вход: 2/3417512 KZT; выход: 3/72000 KZT; k=0.02; depth=3.
100000006288612100,peripheral,0.1,11,0.317991,Обрыв depth=4; продолжение неизвестно. Вход: 1/30805 KZT; выход: 0/0 KZT; k=0.00; depth=4.
100000006308406100,peripheral,0.1,21,0.467101,Обрыв depth=4; продолжение неизвестно. Вход: 1/183000 KZT; выход: 0/0 KZT; k=0.00; depth=4.
100000006326645100,peripheral,0.25,2,0.302206,Порогов ролей не достиг; требуется контекст. Вход: 1/25264 KZT; выход: 0/0 KZT; k=0.00; depth=1.
100000006351075100,peripheral,0.1,41,0.339877,Обрыв depth=4; продолжение неизвестно. Вход: 1/40000 KZT; выход: 0/0 KZT; k=0.00; depth=4.
100000006369769100,peripheral,0.25,2,0.344377,Порогов ролей не достиг; требуется контекст. Вход: 1/40000 KZT; выход: 0/0 KZT; k=0.00; depth=1.
100000006381453100,peripheral,0.1,5,0.35002,Обрыв depth=4; продолжение неизвестно. Вход: 1/45000 KZT; выход: 0/0 KZT; k=0.00; depth=4.
100000006385877100,peripheral,0.25,9,0.460169,Порогов ролей не достиг; требуется контекст. Вход: 1/53707 KZT; выход: 1/36603 KZT; k=0.68; depth=2.
100000006412162100,peripheral,0.1,19,0.248418,Обрыв depth=4; продолжение неизвестно. Вход: 1/15000 KZT; выход: 0/0 KZT; k=0.00; depth=4.
100000006416061100,peripheral,0.1,6,0.316746,Обрыв depth=4; продолжение неизвестно. Вход: 1/30000 KZT; выход: 0/0 KZT; k=0.00; depth=4.
100000006424479100,peripheral,0.25,13,0.622358,Порогов ролей не достиг; требуется контекст. Вход: 1/500000 KZT; выход: 2/220000 KZT; k=0.44; depth=2.
100000006443391100,peripheral,0.25,9,0.539039,Порогов ролей не достиг; требуется контекст. Вход: 3/86776 KZT; выход: 2/60042 KZT; k=0.69; depth=1.
100000006444163100,peripheral,0.25,32,0.210214,Порогов ролей не достиг; требуется контекст. Вход: 1/6026 KZT; выход: 0/0 KZT; k=0.00; depth=3.
100000006445501100,peripheral,0.25,10,0.418043,Порогов ролей не достиг; требуется контекст. Вход: 1/91000 KZT; выход: 0/0 KZT; k=0.00; depth=1.
100000006446271100,peripheral,0.25,3,0.44718,Порогов ролей не достиг; требуется контекст. Вход: 2/80000 KZT; выход: 0/0 KZT; k=0.00; depth=1.
100000006471232100,peripheral,0.25,2,0.347224,Порогов ролей не достиг; требуется контекст. Вход: 1/41800 KZT; выход: 0/0 KZT; k=0.00; depth=3.
100000006476758100,peripheral,0.25,10,0.205231,Порогов ролей не достиг; требуется контекст. Вход: 1/5200 KZT; выход: 0/0 KZT; k=0.00; depth=3.
100000006490557100,peripheral,0.25,8,0.20452,Порогов ролей не достиг; требуется контекст. Вход: 1/5000 KZT; выход: 0/0 KZT; k=0.00; depth=2.
100000006490615100,peripheral,0.1,13,0.342546,Обрыв depth=4; продолжение неизвестно. Вход: 1/41600 KZT; выход: 0/0 KZT; k=0.00; depth=4.
100000006491272100,peripheral,0.25,2,0.307367,Порогов ролей не достиг; требуется контекст. Вход: 1/26200 KZT; выход: 0/0 KZT; k=0.00; depth=3.
100000006491963100,peripheral,0.1,19,0.254646,Обрыв depth=4; продолжение неизвестно. Вход: 1/16000 KZT; выход: 0/0 KZT; k=0.00; depth=4.
100000006492770100,peripheral,0.25,1,0.547714,Порогов ролей не достиг; требуется контекст. Вход: 1/269000 KZT; выход: 1/20000 KZT; k=0.07; depth=3.
100000006512787100,peripheral,0.1,1,0.277066,Обрыв depth=4; продолжение неизвестно. Вход: 1/20000 KZT; выход: 0/0 KZT; k=0.00; depth=4.
100000006518161100,transit,0.6,4,0.766689,Гипотеза транзита. Вход: 3/594200 KZT; выход: 2/595899 KZT; k=1.00; depth=1.
100000006522972100,peripheral,0.25,7,0.22089,Порогов ролей не достиг; требуется контекст. Вход: 1/9515 KZT; выход: 0/0 KZT; k=0.00; depth=3.
100000006523053100,peripheral,0.25,3,0.20452,Порогов ролей не достиг; требуется контекст. Вход: 1/5000 KZT; выход: 0/0 KZT; k=0.00; depth=2.
100000006527156100,peripheral,0.1,47,0.356959,Обрыв depth=4; продолжение неизвестно. Вход: 1/48500 KZT; выход: 0/0 KZT; k=0.00; depth=4.
100000006530134100,peripheral,0.25,7,0.4954,Порогов ролей не достиг; требуется контекст. Вход: 2/144663 KZT; выход: 0/0 KZT; k=0.00; depth=3.
100000006532229100,peripheral,0.25,5,0.4321,Порогов ролей не достиг; требуется контекст. Вход: 1/105000 KZT; выход: 0/0 KZT; k=0.00; depth=3.
100000006534886100,peripheral,0.25,4,0.535436,Порогов ролей не достиг; требуется контекст. Вход: 1/71700 KZT; выход: 1/167500 KZT; k=2.34; depth=2.
100000006557763100,peripheral,0.25,3,0.2321,Порогов ролей не достиг; требуется контекст. Вход: 1/10000 KZT; выход: 0/0 KZT; k=0.00; depth=2.
100000006562026100,peripheral,0.25,53,0.443443,Порогов ролей не достиг; требуется контекст. Вход: 2/75000 KZT; выход: 0/0 KZT; k=0.00; depth=1.
100000006564102100,terminal,0.5,3,0.557073,Гипотеза конечного получения. Вход: 1/233235 KZT; выход: 0/0 KZT; k=0.00; depth=2.
100000006567935100,terminal,0.5,30,0.548176,Гипотеза конечного получения. Вход: 1/200000 KZT; выход: 0/0 KZT; k=0.00; depth=2.
100000006573438100,peripheral,0.25,42,0.20452,Порогов ролей не достиг; требуется контекст. Вход: 1/5000 KZT; выход: 0/0 KZT; k=0.00; depth=3.
100000006579678100,peripheral,0.25,4,0.680632,Порогов ролей не достиг; требуется контекст. Вход: 2/192930 KZT; выход: 6/1668800 KZT; k=8.65; depth=1.
100000006595426100,peripheral,0.25,1,0.409502,Порогов ролей не достиг; требуется контекст. Вход: 1/84800 KZT; выход: 0/0 KZT; k=0.00; depth=2.
100000006612238100,peripheral,0.25,2,0.515863,Порогов ролей не достиг; требуется контекст. Вход: 1/160000 KZT; выход: 1/25000 KZT; k=0.16; depth=2.
100000006638021100,peripheral,0.1,48,0.562075,Обрыв depth=4; продолжение неизвестно. Вход: 2/388500 KZT; выход: 0/0 KZT; k=0.00; depth=4.
100000006641671100,transit,0.6,6,0.535238,Гипотеза транзита. Вход: 2/22000 KZT; выход: 1/25000 KZT; k=1.14; depth=3.
100000006656003100,peripheral,0.25,2,0.357856,Порогов ролей не достиг; требуется контекст. Вход: 1/20000 KZT; выход: 1/9000 KZT; k=0.45; depth=1.
100000006658598100,peripheral,0.25,4,0.219822,Порогов ролей не достиг; требуется контекст. Вход: 1/9000 KZT; выход: 0/0 KZT; k=0.00; depth=1.
100000006664478100,transit,0.6,27,0.615843,Гипотеза транзита. Вход: 1/55000 KZT; выход: 2/60000 KZT; k=1.09; depth=3.
100000006679055100,peripheral,0.25,3,0.301673,Порогов ролей не достиг; требуется контекст. Вход: 1/25000 KZT; выход: 0/0 KZT; k=0.00; depth=2.
100000006684930100,peripheral,0.25,13,0.2321,Порогов ролей не достиг; требуется контекст. Вход: 1/10000 KZT; выход: 0/0 KZT; k=0.00; depth=2.
100000006687202100,peripheral,0.25,1,0.368932,Порогов ролей не достиг; требуется контекст. Вход: 1/50000 KZT; выход: 0/0 KZT; k=0.00; depth=1.
100000006689603100,peripheral,0.1,6,0.521372,Обрыв depth=4; продолжение неизвестно. Вход: 1/400000 KZT; выход: 0/0 KZT; k=0.00; depth=4.
100000006693788100,peripheral,0.1,1,0.229023,Обрыв depth=4; продолжение неизвестно. Вход: 1/10764 KZT; выход: 0/0 KZT; k=0.00; depth=4.
100000006701983100,peripheral,0.25,2,0.310214,Порогов ролей не достиг; требуется контекст. Вход: 1/27000 KZT; выход: 0/0 KZT; k=0.00; depth=3.
100000006704530100,transit,0.6,26,0.749918,Гипотеза транзита. Вход: 1/450500 KZT; выход: 3/428000 KZT; k=0.95; depth=3.
100000006706519100,peripheral,0.1,1,0.331158,Обрыв depth=4; продолжение неизвестно. Вход: 1/36000 KZT; выход: 0/0 KZT; k=0.00; depth=4.
100000006707582100,distributor,0.75,10,0.845836,Гипотеза распределения. Вход: 2/39520 KZT; выход: 14/961138 KZT; k=24.32; depth=1.
100000006710485100,peripheral,0.25,2,0.281566,Порогов ролей не достиг; требуется контекст. Вход: 1/20000 KZT; выход: 0/0 KZT; k=0.00; depth=3.
100000006714366100,peripheral,0.25,13,0.297714,Порогов ролей не достиг; требуется контекст. Вход: 1/10500 KZT; выход: 1/5000 KZT; k=0.48; depth=3.
100000006734214100,consolidator,0.7,7,0.822094,Гипотеза консолидации. Вход: 5/610000 KZT; выход: 3/36000 KZT; k=0.06; depth=3.
100000006734554100,peripheral,0.25,29,0.390062,Порогов ролей не достиг; требуется контекст. Вход: 1/16500 KZT; выход: 1/25000 KZT; k=1.52; depth=1.
100000006735545100,peripheral,0.1,6,0.20002,Обрыв depth=4; продолжение неизвестно. Вход: 1/5000 KZT; выход: 0/0 KZT; k=0.00; depth=4.
100000006745291100,peripheral,0.25,10,0.406477,Порогов ролей не достиг; требуется контекст. Вход: 1/82534 KZT; выход: 0/0 KZT; k=0.00; depth=1.
100000006746688100,peripheral,0.25,2,0.345979,Порогов ролей не достиг; требуется контекст. Вход: 1/41000 KZT; выход: 0/0 KZT; k=0.00; depth=3.
100000006755850100,terminal,0.5,7,0.598532,Гипотеза конечного получения. Вход: 1/443476 KZT; выход: 0/0 KZT; k=0.00; depth=2.
100000006756956100,peripheral,0.1,1,0.43792,Обрыв depth=4; продолжение неизвестно. Вход: 1/121200 KZT; выход: 0/0 KZT; k=0.00; depth=4.
100000006787636100,peripheral,0.25,4,0.281566,Порогов ролей не достиг; требуется контекст. Вход: 1/20000 KZT; выход: 0/0 KZT; k=0.00; depth=2.
100000006788200100,consolidator,0.7,8,0.779345,Гипотеза консолидации. Вход: 4/272156 KZT; выход: 3/64500 KZT; k=0.24; depth=1.
100000006789108100,peripheral,0.25,10,0.338683,Порогов ролей не достиг; требуется контекст. Вход: 1/37500 KZT; выход: 0/0 KZT; k=0.00; depth=1.
100000006831291100,peripheral,0.2,53,0.251418,Порогов ролей не достиг; требуется контекст. Вход seed неполон. Вход: 0/0 KZT; выход: 1/15000 KZT; k=н/д; depth=0.
100000006844004100,peripheral,0.25,1,0.282811,Порогов ролей не достиг; требуется контекст. Вход: 1/20600 KZT; выход: 0/0 KZT; k=0.00; depth=3.
100000006844768100,peripheral,0.25,1,0.603852,Порогов ролей не достиг; требуется контекст. Вход: 1/282000 KZT; выход: 2/188000 KZT; k=0.67; depth=2.
100000006852430100,peripheral,0.25,10,0.337082,Порогов ролей не достиг; требуется контекст. Вход: 1/37000 KZT; выход: 0/0 KZT; k=0.00; depth=2.
100000006866783100,coordinator,0.52,1,0.85253,Гипотеза связующего узла. Вход seed неполон. Вход: 13/838812 KZT; выход: 67/3948037 KZT; k=4.71; depth=0.
100000006866831100,peripheral,0.1,6,0.256425,Обрыв depth=4; продолжение неизвестно. Вход: 1/16500 KZT; выход: 0/0 KZT; k=0.00; depth=4.
100000006882208100,peripheral,0.25,4,0.269822,Порогов ролей не достиг; требуется контекст. Вход: 1/18000 KZT; выход: 0/0 KZT; k=0.00; depth=3.
100000006888238100,peripheral,0.25,58,0.404119,Порогов ролей не достиг; требуется контекст. Вход: 1/18000 KZT; выход: 1/30000 KZT; k=1.67; depth=2.
100000006889963100,consolidator,0.7,7,0.838865,Гипотеза консолидации. Вход: 4/1431000 KZT; выход: 1/443476 KZT; k=0.31; depth=1.
100000006894637100,peripheral,0.25,1,0.374093,Порогов ролей не достиг; требуется контекст. Вход: 1/52831 KZT; выход: 0/0 KZT; k=0.00; depth=3.
100000006901046100,peripheral,0.25,4,0.448247,Порогов ролей не достиг; требуется контекст. Вход: 1/75800 KZT; выход: 1/5500 KZT; k=0.07; depth=2.
100000006903193100,peripheral,0.1,1,0.215322,Обрыв depth=4; продолжение неизвестно. Вход: 1/9000 KZT; выход: 0/0 KZT; k=0.00; depth=4.
100000006912294100,peripheral,0.25,9,0.403496,Порогов ролей не достиг; требуется контекст. Вход: 1/6335 KZT; выход: 2/30000 KZT; k=4.74; depth=2.
100000006918814100,peripheral,0.1,3,0.277066,Обрыв depth=4; продолжение неизвестно. Вход: 1/20000 KZT; выход: 0/0 KZT; k=0.00; depth=4.
100000006919124100,peripheral,0.25,1,0.301673,Порогов ролей не достиг; требуется контекст. Вход: 1/25000 KZT; выход: 0/0 KZT; k=0.00; depth=3.
100000006952718100,peripheral,0.25,4,0.397402,Порогов ролей не достиг; требуется контекст. Вход: 1/71489 KZT; выход: 0/0 KZT; k=0.00; depth=1.
100000006965162100,peripheral,0.25,28,0.2321,Порогов ролей не достиг; требуется контекст. Вход: 1/10000 KZT; выход: 0/0 KZT; k=0.00; depth=3.
100000006967370100,peripheral,0.25,16,0.400205,Порогов ролей не достиг; требуется контекст. Вход: 1/33225 KZT; выход: 1/13526 KZT; k=0.41; depth=3.
100000006972210100,consolidator,0.7,9,0.777165,Гипотеза консолидации. Вход: 3/488775 KZT; выход: 0/0 KZT; k=0.00; depth=1.
100000006977207100,distributor,0.75,6,0.871459,Гипотеза распределения. Вход: 1/414000 KZT; выход: 15/4157018 KZT; k=10.04; depth=2.
100000006989106100,peripheral,0.25,8,0.389217,Порогов ролей не достиг; требуется контекст. Вход: 1/64000 KZT; выход: 0/0 KZT; k=0.00; depth=2.
100000006989232100,peripheral,0.25,1,0.287082,Порогов ролей не достиг; требуется контекст. Вход: 1/22194 KZT; выход: 0/0 KZT; k=0.00; depth=3.
100000006994985100,peripheral,0.25,8,0.426361,Порогов ролей не достиг; требуется контекст. Вход: 1/48500 KZT; выход: 1/10200 KZT; k=0.21; depth=2.
100000007005380100,peripheral,0.25,7,0.220534,Порогов ролей не достиг; требуется контекст. Вход: 1/9400 KZT; выход: 0/0 KZT; k=0.00; depth=3.
100000007018630100,peripheral,0.2,60,0.479176,Порогов ролей не достиг; требуется контекст. Вход seed неполон. Вход: 0/0 KZT; выход: 1/200000 KZT; k=н/д; depth=0.
100000007020162100,peripheral,0.25,14,0.412171,Порогов ролей не достиг; требуется контекст. Вход: 1/86395 KZT; выход: 0/0 KZT; k=0.00; depth=3.
100000007022818100,peripheral,0.25,2,0.264306,Порогов ролей не достиг; требуется контекст. Вход: 1/17200 KZT; выход: 0/0 KZT; k=0.00; depth=3.
100000007034089100,peripheral,0.1,5,0.515989,Обрыв depth=4; продолжение неизвестно. Вход: 2/198000 KZT; выход: 0/0 KZT; k=0.00; depth=4.
100000007042175100,peripheral,0.1,1,0.38187,Обрыв depth=4; продолжение неизвестно. Вход: 1/60000 KZT; выход: 0/0 KZT; k=0.00; depth=4.
100000007055802100,consolidator,0.7,1,0.8539,Гипотеза консолидации. Вход: 6/2024999 KZT; выход: 1/605000 KZT; k=0.30; depth=1.
100000007071852100,peripheral,0.1,6,0.471906,Обрыв depth=4; продолжение неизвестно. Вход: 1/195000 KZT; выход: 0/0 KZT; k=0.00; depth=4.
100000007129492100,peripheral,0.25,10,0.480899,Порогов ролей не достиг; требуется контекст. Вход: 2/50990 KZT; выход: 1/37000 KZT; k=0.73; depth=1.
100000007131370100,transit,0.6,15,0.539242,Гипотеза транзита. Вход: 1/30000 KZT; выход: 1/30000 KZT; k=1.00; depth=3.
100000007138613100,consolidator,0.7,1,0.827655,Гипотеза консолидации. Вход: 3/1002000 KZT; выход: 2/179000 KZT; k=0.18; depth=3.
100000007140834100,peripheral,0.25,8,0.232633,Порогов ролей не достиг; требуется контекст. Вход: 1/10200 KZT; выход: 0/0 KZT; k=0.00; depth=3.
100000007153161100,peripheral,0.1,1,0.347528,Обрыв depth=4; продолжение неизвестно. Вход: 1/44997 KZT; выход: 0/0 KZT; k=0.00; depth=4.
100000007170072100,transit,0.6,6,0.655167,Гипотеза транзита. Вход: 1/100000 KZT; выход: 2/99500 KZT; k=0.99; depth=3.
100000007173936100,peripheral,0.25,30,0.2321,Порогов ролей не достиг; требуется контекст. Вход: 1/10000 KZT; выход: 0/0 KZT; k=0.00; depth=2.
100000007175718100,peripheral,0.25,46,0.281566,Порогов ролей не достиг; требуется контекст. Вход: 1/20000 KZT; выход: 0/0 KZT; k=0.00; depth=1.
100000007181706100,terminal,0.5,3,0.580516,Гипотеза конечного получения. Вход: 2/176272 KZT; выход: 0/0 KZT; k=0.00; depth=1.
100000007197866100,peripheral,0.25,6,0.376895,Порогов ролей не достиг; требуется контекст. Вход: 1/20000 KZT; выход: 1/15000 KZT; k=0.75; depth=3.
100000007229557100,consolidator,0.7,17,0.800297,Гипотеза консолидации. Вход: 3/878000 KZT; выход: 0/0 KZT; k=0.00; depth=3.
100000007242833100,peripheral,0.25,11,0.50145,Порогов ролей не достиг; требуется контекст. Вход: 1/107500 KZT; выход: 1/45000 KZT; k=0.42; depth=2.
100000007267915100,peripheral,0.25,16,0.390863,Порогов ролей не достиг; требуется контекст. Вход: 2/21000 KZT; выход: 1/10000 KZT; k=0.48; depth=3.
100000007274584100,peripheral,0.25,3,0.339751,Порогов ролей не достиг; требуется контекст. Вход: 1/38000 KZT; выход: 0/0 KZT; k=0.00; depth=1.
100000007281639100,terminal,0.5,4,0.595463,Гипотеза конечного получения. Вход: 2/216770 KZT; выход: 0/0 KZT; k=0.00; depth=1.
100000007283257100,terminal,0.5,65,0.543016,Гипотеза конечного получения. Вход: 1/192000 KZT; выход: 0/0 KZT; k=0.00; depth=1.
100000007289427100,peripheral,0.25,3,0.239217,Порогов ролей не достиг; требуется контекст. Вход: 1/12300 KZT; выход: 0/0 KZT; k=0.00; depth=2.
100000007303047100,peripheral,0.25,2,0.373381,Порогов ролей не достиг; требуется контекст. Вход: 1/52250 KZT; выход: 0/0 KZT; k=0.00; depth=3.
100000007311010100,peripheral,0.25,3,0.476806,Порогов ролей не достиг; требуется контекст. Вход: 2/64480 KZT; выход: 1/20000 KZT; k=0.31; depth=1.
100000007322059100,peripheral,0.25,33,0.439795,Порогов ролей не достиг; требуется контекст. Вход: 2/29000 KZT; выход: 1/22500 KZT; k=0.78; depth=2.
100000007330432100,peripheral,0.1,70,0.543436,Обрыв depth=4; продолжение неизвестно. Вход: 1/584900 KZT; выход: 0/0 KZT; k=0.00; depth=4.
100000007333038100,peripheral,0.25,12,0.441575,Порогов ролей не достиг; требуется контекст. Вход: 1/17500 KZT; выход: 2/34994 KZT; k=2.00; depth=3.
100000007334196100,peripheral,0.25,10,0.456655,Порогов ролей не достиг; требуется контекст. Вход: 1/150002 KZT; выход: 0/0 KZT; k=0.00; depth=1.
100000007337374100,peripheral,0.25,2,0.281566,Порогов ролей не достиг; требуется контекст. Вход: 1/20000 KZT; выход: 0/0 KZT; k=0.00; depth=2.
100000007347733100,peripheral,0.25,53,0.289751,Порогов ролей не достиг; требуется контекст. Вход: 1/23007 KZT; выход: 0/0 KZT; k=0.00; depth=1.
100000007357489100,peripheral,0.1,5,0.502822,Обрыв depth=4; продолжение неизвестно. Вход: 2/164500 KZT; выход: 0/0 KZT; k=0.00; depth=4.
100000007381662100,peripheral,0.1,1,0.230447,Обрыв depth=4; продолжение неизвестно. Вход: 1/11000 KZT; выход: 0/0 KZT; k=0.00; depth=4.
100000007382152100,peripheral,0.25,1,0.208434,Порогов ролей не достиг; требуется контекст. Вход: 1/5860 KZT; выход: 0/0 KZT; k=0.00; depth=2.
100000007382543100,peripheral,0.25,28,0.650916,Порогов ролей не достиг; требуется контекст. Вход: 3/218000 KZT; выход: 5/427000 KZT; k=1.96; depth=2.
100000007390016100,peripheral,0.25,71,0.604475,Порогов ролей не достиг; требуется контекст. Вход: 1/511000 KZT; выход: 1/346500 KZT; k=0.68; depth=3.
100000007392365100,peripheral,0.25,41,0.675071,Порогов ролей не достиг; требуется контекст. Вход: 1/9613 KZT; выход: 6/1765600 KZT; k=183.67; depth=3.
100000007442518100,coordinator,0.65,30,0.885658,Гипотеза связующего узла. Вход: 5/510000 KZT; выход: 9/4419999 KZT; k=8.67; depth=1.
100000007472293100,peripheral,0.25,48,0.595044,Порогов ролей не достиг; требуется контекст. Вход: 1/5000 KZT; выход: 3/345900 KZT; k=69.18; depth=3.
100000007484343100,peripheral,0.25,1,0.351628,Порогов ролей не достиг; требуется контекст. Вход: 2/26757 KZT; выход: 0/0 KZT; k=0.00; depth=3.
100000007487729100,peripheral,0.25,1,0.301673,Порогов ролей не достиг; требуется контекст. Вход: 1/25000 KZT; выход: 0/0 KZT; k=0.00; depth=3.
100000007507343100,terminal,0.5,52,0.587678,Гипотеза конечного получения. Вход: 1/370000 KZT; выход: 0/0 KZT; k=0.00; depth=1.
100000007510567100,peripheral,0.1,9,0.368169,Обрыв depth=4; продолжение неизвестно. Вход: 1/52000 KZT; выход: 0/0 KZT; k=0.00; depth=4.
100000007510875100,peripheral,0.25,9,0.20452,Порогов ролей не достиг; требуется контекст. Вход: 1/5000 KZT; выход: 0/0 KZT; k=0.00; depth=3.
100000007511163100,peripheral,0.25,4,0.538683,Порогов ролей не достиг; требуется контекст. Вход: 2/63666 KZT; выход: 3/82052 KZT; k=1.29; depth=1.
100000007511780100,peripheral,0.1,32,0.455891,Обрыв depth=4; продолжение неизвестно. Вход: 1/155000 KZT; выход: 0/0 KZT; k=0.00; depth=4.
100000007534354100,peripheral,0.25,10,0.555543,Порогов ролей не достиг; требуется контекст. Вход: 1/50000 KZT; выход: 3/147810 KZT; k=2.96; depth=2.
100000007536804100,peripheral,0.25,8,0.528052,Порогов ролей не достиг; требуется контекст. Вход: 1/100000 KZT; выход: 2/55000 KZT; k=0.55; depth=1.
100000007539296100,peripheral,0.1,7,0.350909,Обрыв depth=4; продолжение неизвестно. Вход: 1/46000 KZT; выход: 0/0 KZT; k=0.00; depth=4.
100000007544358100,transit,0.6,4,0.730078,Гипотеза транзита. Вход: 2/322500 KZT; выход: 1/350000 KZT; k=1.09; depth=1.
100000007591246100,peripheral,0.25,13,0.489706,Порогов ролей не достиг; требуется контекст. Вход: 1/12190 KZT; выход: 1/120000 KZT; k=9.84; depth=3.
100000007593823100,distributor,0.75,1,0.752598,Гипотеза распределения. Вход: 3/25000 KZT; выход: 13/162900 KZT; k=6.52; depth=3.
100000007594394100,peripheral,0.25,18,0.685569,Порогов ролей не достиг; требуется контекст. Вход: 6/395385 KZT; выход: 1/3376312 KZT; k=8.54; depth=2.
100000007597382100,peripheral,0.25,7,0.256833,Порогов ролей не достиг; требуется контекст. Вход: 1/15700 KZT; выход: 0/0 KZT; k=0.00; depth=3.
100000007617808100,terminal,0.5,4,0.600667,Гипотеза конечного получения. Вход: 1/450000 KZT; выход: 0/0 KZT; k=0.00; depth=2.
100000007618425100,peripheral,0.25,16,0.34153,Порогов ролей не достиг; требуется контекст. Вход: 1/39348 KZT; выход: 0/0 KZT; k=0.00; depth=3.
100000007629096100,peripheral,0.25,32,0.666797,Порогов ролей не достиг; требуется контекст. Вход: 4/1075170 KZT; выход: 1/765205 KZT; k=0.71; depth=2.
100000007629121100,peripheral,0.25,3,0.314484,Порогов ролей не достиг; требуется контекст. Вход: 1/29000 KZT; выход: 0/0 KZT; k=0.00; depth=2.
100000007631637100,peripheral,0.25,2,0.253808,Порогов ролей не достиг; требуется контекст. Вход: 1/15341 KZT; выход: 0/0 KZT; k=0.00; depth=1.
100000007639767100,distributor,0.75,32,0.840943,Гипотеза распределения. Вход: 4/90913 KZT; выход: 10/822244 KZT; k=9.04; depth=1.
100000007641183100,peripheral,0.25,4,0.311459,Порогов ролей не достиг; требуется контекст. Вход: 1/28000 KZT; выход: 0/0 KZT; k=0.00; depth=1.
100000007641801100,terminal,0.5,8,0.548176,Гипотеза конечного получения. Вход: 1/200000 KZT; выход: 0/0 KZT; k=0.00; depth=1.
100000007647294100,terminal,0.5,35,0.590169,Гипотеза конечного получения. Вход: 1/385000 KZT; выход: 0/0 KZT; k=0.00; depth=3.
100000007648946100,peripheral,0.25,13,0.395044,Порогов ролей не достиг; требуется контекст. Вход: 1/19550 KZT; выход: 1/25000 KZT; k=1.28; depth=1.
100000007653003100,peripheral,0.25,16,0.429431,Порогов ролей не достиг; требуется контекст. Вход: 1/100000 KZT; выход: 0/0 KZT; k=0.00; depth=3.
100000007653094100,peripheral,0.1,13,0.254646,Обрыв depth=4; продолжение неизвестно. Вход: 1/16000 KZT; выход: 0/0 KZT; k=0.00; depth=4.
100000007689942100,peripheral,0.25,18,0.388906,Порогов ролей не достиг; требуется контекст. Вход: 1/5000 KZT; выход: 2/25000 KZT; k=5.00; depth=3.
100000007731977100,peripheral,0.1,1,0.364432,Обрыв depth=4; продолжение неизвестно. Вход: 1/50000 KZT; выход: 0/0 KZT; k=0.00; depth=4.
100000007737775100,peripheral,0.25,10,0.210036,Порогов ролей не достиг; требуется контекст. Вход: 1/6000 KZT; выход: 0/0 KZT; k=0.00; depth=3.
100000007745062100,peripheral,0.1,11,0.424931,Обрыв depth=4; продолжение неизвестно. Вход: 1/100000 KZT; выход: 0/0 KZT; k=0.00; depth=4.
100000007747786100,distributor,0.6,8,0.837416,Гипотеза распределения. Вход seed неполон. Вход: 0/0 KZT; выход: 31/4238009 KZT; k=н/д; depth=0.
100000007749092100,peripheral,0.25,4,0.445934,Порогов ролей не достиг; требуется контекст. Вход: 1/7650 KZT; выход: 1/70375 KZT; k=9.20; depth=2.
100000007749747100,peripheral,0.1,5,0.364432,Обрыв depth=4; продолжение неизвестно. Вход: 1/50000 KZT; выход: 0/0 KZT; k=0.00; depth=4.
100000007754369100,peripheral,0.25,1,0.406299,Порогов ролей не достиг; требуется контекст. Вход: 1/82424 KZT; выход: 0/0 KZT; k=0.00; depth=3.
100000007777377100,peripheral,0.25,4,0.603674,Порогов ролей не достиг; требуется контекст. Вход: 1/456290 KZT; выход: 2/10000 KZT; k=0.02; depth=2.
100000007793871100,peripheral,0.25,10,0.304164,Порогов ролей не достиг; требуется контекст. Вход: 1/26000 KZT; выход: 0/0 KZT; k=0.00; depth=3.
100000007797290100,peripheral,0.25,1,0.485436,Порогов ролей не достиг; требуется контекст. Вход: 1/100000 KZT; выход: 1/20000 KZT; k=0.20; depth=2.
100000007811950100,peripheral,0.1,25,0.364432,Обрыв depth=4; продолжение неизвестно. Вход: 1/50000 KZT; выход: 0/0 KZT; k=0.00; depth=4.
100000007841978100,peripheral,0.1,7,0.5276,Обрыв depth=4; продолжение неизвестно. Вход: 1/449000 KZT; выход: 0/0 KZT; k=0.00; depth=4.
100000007861311100,peripheral,0.25,8,0.35452,Порогов ролей не достиг; требуется контекст. Вход: 1/45000 KZT; выход: 0/0 KZT; k=0.00; depth=2.
100000007863304100,peripheral,0.25,7,0.301673,Порогов ролей не достиг; требуется контекст. Вход: 1/25000 KZT; выход: 0/0 KZT; k=0.00; depth=3.
100000007864477100,peripheral,0.25,1,0.600205,Порогов ролей не достиг; требуется контекст. Вход: 2/76000 KZT; выход: 6/203500 KZT; k=2.68; depth=3.
100000007865484100,peripheral,0.1,41,0.543258,Обрыв depth=4; продолжение неизвестно. Вход: 1/584600 KZT; выход: 0/0 KZT; k=0.00; depth=4.
100000007867364100,peripheral,0.1,18,0.342902,Обрыв depth=4; продолжение неизвестно. Вход: 1/41852 KZT; выход: 0/0 KZT; k=0.00; depth=4.
100000007898453100,peripheral,0.25,3,0.582144,Порогов ролей не достиг; требуется контекст. Вход: 1/24750 KZT; выход: 2/320000 KZT; k=12.93; depth=2.
100000007908818100,consolidator,0.7,3,0.840377,Гипотеза консолидации. Вход: 4/727475 KZT; выход: 6/302000 KZT; k=0.42; depth=1.
100000007930878100,peripheral,0.25,44,0.20452,Порогов ролей не достиг; требуется контекст. Вход: 1/5000 KZT; выход: 0/0 KZT; k=0.00; depth=2.
100000007938486100,peripheral,0.25,2,0.341886,Порогов ролей не достиг; требуется контекст. Вход: 1/39500 KZT; выход: 0/0 KZT; k=0.00; depth=1.
100000007939160100,peripheral,0.25,44,0.626628,Порогов ролей не достиг; требуется контекст. Вход: 1/795000 KZT; выход: 2/14300 KZT; k=0.02; depth=1.
100000007953156100,peripheral,0.25,14,0.354831,Порогов ролей не достиг; требуется контекст. Вход: 1/18000 KZT; выход: 1/10000 KZT; k=0.56; depth=2.
100000007960337100,peripheral,0.1,6,0.329913,Обрыв depth=4; продолжение неизвестно. Вход: 1/35500 KZT; выход: 0/0 KZT; k=0.00; depth=4.
100000007982728100,peripheral,0.2,8,0.677886,Порогов ролей не достиг; требуется контекст. Вход seed неполон. Вход: 0/0 KZT; выход: 8/1804384 KZT; k=н/д; depth=0.
100000007982908100,peripheral,0.25,2,0.323737,Порогов ролей не достиг; требуется контекст. Вход: 1/31080 KZT; выход: 0/0 KZT; k=0.00; depth=2.
100000007988344100,peripheral,0.1,1,0.277066,Обрыв depth=4; продолжение неизвестно. Вход: 1/20000 KZT; выход: 0/0 KZT; k=0.00; depth=4.
100000007997939100,peripheral,0.1,5,0.237386,Обрыв depth=4; продолжение неизвестно. Вход: 1/13000 KZT; выход: 0/0 KZT; k=0.00; depth=4.
100000007998965100,consolidator,0.7,10,0.771294,Гипотеза консолидации. Вход: 5/278000 KZT; выход: 1/26000 KZT; k=0.09; depth=2.
100000007999728100,peripheral,0.25,14,0.290463,Порогов ролей не достиг; требуется контекст. Вход: 1/23250 KZT; выход: 0/0 KZT; k=0.00; depth=3.
100000008002020100,peripheral,0.25,11,0.460881,Порогов ролей не достиг; требуется контекст. Вход: 1/73860 KZT; выход: 1/17000 KZT; k=0.23; depth=1.
100000008003034100,peripheral,0.25,13,0.539573,Порогов ролей не достиг; требуется контекст. Вход: 1/12201 KZT; выход: 4/135000 KZT; k=11.06; depth=1.
100000008008463100,peripheral,0.25,8,0.377651,Порогов ролей не достиг; требуется контекст. Вход: 1/54180 KZT; выход: 0/0 KZT; k=0.00; depth=2.
100000008011159100,consolidator,0.7,42,0.812664,Гипотеза консолидации. Вход: 3/363000 KZT; выход: 5/153037 KZT; k=0.42; depth=2.
100000008011573100,peripheral,0.25,16,0.252918,Порогов ролей не достиг; требуется контекст. Вход: 1/15000 KZT; выход: 0/0 KZT; k=0.00; depth=3.
100000008027922100,peripheral,0.1,22,0.391657,Обрыв depth=4; продолжение неизвестно. Вход: 1/70000 KZT; выход: 0/0 KZT; k=0.00; depth=4.
100000008028628100,peripheral,0.25,2,0.38121,Порогов ролей не достиг; требуется контекст. Вход: 1/57224 KZT; выход: 0/0 KZT; k=0.00; depth=1.
100000008029279100,peripheral,0.25,6,0.261993,Порогов ролей не достиг; требуется контекст. Вход: 1/17000 KZT; выход: 0/0 KZT; k=0.00; depth=3.
100000008038077100,terminal,0.5,7,0.607785,Гипотеза конечного получения. Вход: 1/499850 KZT; выход: 0/0 KZT; k=0.00; depth=3.
100000008042075100,peripheral,0.25,23,0.20452,Порогов ролей не достиг; требуется контекст. Вход: 1/5000 KZT; выход: 0/0 KZT; k=0.00; depth=3.
100000008043184100,peripheral,0.25,16,0.370178,Порогов ролей не достиг; требуется контекст. Вход: 1/50564 KZT; выход: 0/0 KZT; k=0.00; depth=3.
100000008050986100,peripheral,0.1,7,0.417813,Обрыв depth=4; продолжение неизвестно. Вход: 1/95000 KZT; выход: 0/0 KZT; k=0.00; depth=4.
100000008055972100,peripheral,0.25,2,0.311993,Порогов ролей не достиг; требуется контекст. Вход: 1/28300 KZT; выход: 0/0 KZT; k=0.00; depth=3.
100000008060273100,peripheral,0.25,3,0.2321,Порогов ролей не достиг; требуется контекст. Вход: 1/10000 KZT; выход: 0/0 KZT; k=0.00; depth=2.
100000008066326100,peripheral,0.25,1,0.272313,Порогов ролей не достиг; требуется контекст. Вход: 1/19320 KZT; выход: 0/0 KZT; k=0.00; depth=1.
100000008070101100,peripheral,0.25,5,0.429431,Порогов ролей не достиг; требуется контекст. Вход: 1/100000 KZT; выход: 0/0 KZT; k=0.00; depth=3.
100000008071620100,peripheral,0.25,1,0.357189,Порогов ролей не достиг; требуется контекст. Вход: 1/46968 KZT; выход: 0/0 KZT; k=0.00; depth=1.
100000008071749100,peripheral,0.1,9,0.292546,Обрыв depth=4; продолжение неизвестно. Вход: 1/24943 KZT; выход: 0/0 KZT; k=0.00; depth=4.
100000008074304100,peripheral,0.1,7,0.203222,Обрыв depth=4; продолжение неизвестно. Вход: 1/5500 KZT; выход: 0/0 KZT; k=0.00; depth=4.
100000008077552100,terminal,0.5,6,0.550845,Гипотеза конечного получения. Вход: 1/214000 KZT; выход: 0/0 KZT; k=0.00; depth=3.
100000008086440100,transit,0.6,1,0.719936,Гипотеза транзита. Вход: 1/199733 KZT; выход: 5/161300 KZT; k=0.81; depth=3.
100000008088082100,peripheral,0.25,13,0.457856,Порогов ролей не достиг; требуется контекст. Вход: 1/39138 KZT; выход: 1/50000 KZT; k=1.28; depth=3.
100000008094734100,consolidator,0.7,1,0.7406,Гипотеза консолидации. Вход: 4/236249 KZT; выход: 0/0 KZT; k=0.00; depth=1.
100000008097580100,peripheral,0.25,6,0.370311,Порогов ролей не достиг; требуется контекст. Вход: 2/32000 KZT; выход: 0/0 KZT; k=0.00; depth=3.
100000008104567100,peripheral,0.25,9,0.511148,Порогов ролей не достиг; требуется контекст. Вход: 3/53550 KZT; выход: 3/40000 KZT; k=0.75; depth=2.
100000008106997100,peripheral,0.25,1,0.448514,Порогов ролей не достиг; требуется контекст. Вход: 2/35600 KZT; выход: 1/20600 KZT; k=0.58; depth=2.
100000008111003100,consolidator,0.7,1,0.763509,Гипотеза консолидации. Вход: 6/222716 KZT; выход: 1/35000 KZT; k=0.16; depth=2.
100000008116374100,peripheral,0.25,4,0.324448,Порогов ролей не достиг; требуется контекст. Вход: 1/31284 KZT; выход: 0/0 KZT; k=0.00; depth=1.
100000008117324100,peripheral,0.1,86,0.0,Seed без исходящих; нет наблюдаемых связей. Вход: 0/0 KZT; выход: 0/0 KZT; k=н/д; depth=0.
100000008121806100,peripheral,0.25,6,0.595979,Порогов ролей не достиг; требуется контекст. Вход: 1/67000 KZT; выход: 4/248509 KZT; k=3.71; depth=3.
100000008129393100,peripheral,0.25,53,0.2321,Порогов ролей не достиг; требуется контекст. Вход: 1/10000 KZT; выход: 0/0 KZT; k=0.00; depth=1.
100000008130868100,peripheral,0.1,12,0.283649,Обрыв depth=4; продолжение неизвестно. Вход: 1/22782 KZT; выход: 0/0 KZT; k=0.00; depth=4.
100000008136608100,peripheral,0.1,9,0.463721,Обрыв depth=4; продолжение неизвестно. Вход: 1/170000 KZT; выход: 0/0 KZT; k=0.00; depth=4.
100000008137435100,peripheral,0.25,22,0.675472,Порогов ролей не достиг; требуется контекст. Вход: 2/93906 KZT; выход: 6/1419700 KZT; k=15.12; depth=1.
100000008141170100,peripheral,0.25,4,0.234947,Порогов ролей не достиг; требуется контекст. Вход: 1/11000 KZT; выход: 0/0 KZT; k=0.00; depth=2.
100000008144528100,consolidator,0.7,4,0.82552,Гипотеза консолидации. Вход: 5/1068203 KZT; выход: 0/0 KZT; k=0.00; depth=2.
100000008151098100,peripheral,0.1,26,0.316746,Обрыв depth=4; продолжение неизвестно. Вход: 1/30000 KZT; выход: 0/0 KZT; k=0.00; depth=4.
100000008165763100,coordinator,0.65,3,0.883479,Гипотеза связующего узла. Вход: 15/1165815 KZT; выход: 17/1267858 KZT; k=1.09; depth=1.
100000008168850100,peripheral,0.1,7,0.468881,Обрыв depth=4; продолжение неизвестно. Вход: 1/187910 KZT; выход: 0/0 KZT; k=0.00; depth=4.
100000008169544100,peripheral,0.25,4,0.556299,Порогов ролей не достиг; требуется контекст. Вход: 1/137104 KZT; выход: 4/42800 KZT; k=0.31; depth=1.
100000008172352100,peripheral,0.25,33,0.62347,Порогов ролей не достиг; требуется контекст. Вход: 3/90265 KZT; выход: 7/289510 KZT; k=3.21; depth=1.
100000008172721100,peripheral,0.1,6,0.462297,Обрыв depth=4; продолжение неизвестно. Вход: 1/168335 KZT; выход: 0/0 KZT; k=0.00; depth=4.
100000008173359100,peripheral,0.25,4,0.210747,Порогов ролей не достиг; требуется контекст. Вход: 1/6110 KZT; выход: 0/0 KZT; k=0.00; depth=1.
100000008174521100,peripheral,0.25,4,0.406121,Порогов ролей не достиг; требуется контекст. Вход: 1/82110 KZT; выход: 0/0 KZT; k=0.00; depth=2.
100000008175078100,peripheral,0.1,36,0.57671,Обрыв depth=4; продолжение неизвестно. Вход: 1/1846711 KZT; выход: 0/0 KZT; k=0.00; depth=4.
100000008183752100,peripheral,0.1,17,0.445215,Обрыв depth=4; продолжение неизвестно. Вход: 1/140000 KZT; выход: 0/0 KZT; k=0.00; depth=4.
100000008188026100,peripheral,0.25,15,0.620222,Порогов ролей не достиг; требуется контекст. Вход: 2/86468 KZT; выход: 4/337983 KZT; k=3.91; depth=1.
100000008190411100,peripheral,0.1,5,0.472795,Обрыв depth=4; продолжение неизвестно. Вход: 1/198450 KZT; выход: 0/0 KZT; k=0.00; depth=4.
100000008190442100,peripheral,0.25,2,0.241886,Порогов ролей не достиг; требуется контекст. Вход: 1/13000 KZT; выход: 0/0 KZT; k=0.00; depth=3.
100000008192264100,transit,0.6,7,0.669135,Гипотеза транзита. Вход: 1/162810 KZT; выход: 1/187910 KZT; k=1.15; depth=3.
100000008193258100,peripheral,0.25,16,0.475472,Порогов ролей не достиг; требуется контекст. Вход: 1/75000 KZT; выход: 1/30000 KZT; k=0.40; depth=3.
100000008193577100,peripheral,0.25,43,0.646957,Порогов ролей не достиг; требуется контекст. Вход: 2/154300 KZT; выход: 5/480180 KZT; k=3.11; depth=1.
100000008200810100,terminal,0.5,12,0.604226,Гипотеза конечного получения. Вход: 1/475000 KZT; выход: 0/0 KZT; k=0.00; depth=3.
100000008205000100,peripheral,0.1,87,0.0,Seed без исходящих; нет наблюдаемых связей. Вход: 0/0 KZT; выход: 0/0 KZT; k=н/д; depth=0.
100000008205937100,peripheral,0.25,13,0.333523,Порогов ролей не достиг; требуется контекст. Вход: 1/35000 KZT; выход: 0/0 KZT; k=0.00; depth=2.
100000008213966100,peripheral,0.25,28,0.629564,Порогов ролей не достиг; требуется контекст. Вход: 3/187004 KZT; выход: 1/436900 KZT; k=2.34; depth=2.
100000008219168100,peripheral,0.25,8,0.375694,Порогов ролей не достиг; требуется контекст. Вход: 1/53200 KZT; выход: 0/0 KZT; k=0.00; depth=1.
100000008221543100,terminal,0.5,16,0.655961,Гипотеза конечного получения. Вход: 2/542000 KZT; выход: 0/0 KZT; k=0.00; depth=1.
100000008221765100,peripheral,0.1,7,0.456425,Обрыв depth=4; продолжение неизвестно. Вход: 1/156354 KZT; выход: 0/0 KZT; k=0.00; depth=4.
100000008223661100,peripheral,0.25,38,0.630943,Порогов ролей не достиг; требуется контекст. Вход: 2/202000 KZT; выход: 5/262580 KZT; k=1.30; depth=3.
100000008223756100,terminal,0.5,6,0.623221,Гипотеза конечного получения. Вход: 2/331682 KZT; выход: 0/0 KZT; k=0.00; depth=3.
100000008229700100,peripheral,0.25,11,0.365685,Порогов ролей не достиг; требуется контекст. Вход: 1/23500 KZT; выход: 1/7200 KZT; k=0.31; depth=1.
100000008232832100,peripheral,0.25,38,0.580098,Порогов ролей не достиг; требуется контекст. Вход: 1/337000 KZT; выход: 1/138000 KZT; k=0.41; depth=1.
100000008237827100,peripheral,0.25,3,0.344555,Порогов ролей не достиг; требуется контекст. Вход: 1/40001 KZT; выход: 0/0 KZT; k=0.00; depth=1.
100000008238112100,terminal,0.5,7,0.541948,Гипотеза конечного получения. Вход: 1/190000 KZT; выход: 0/0 KZT; k=0.00; depth=3.
100000008238989100,terminal,0.5,22,0.548176,Гипотеза конечного получения. Вход: 1/200000 KZT; выход: 0/0 KZT; k=0.00; depth=2.
100000008244300100,consolidator,0.7,1,0.648117,Гипотеза консолидации. Вход: 5/65430 KZT; выход: 0/0 KZT; k=0.00; depth=1.
100000008251939100,peripheral,0.1,9,0.345927,Обрыв depth=4; продолжение неизвестно. Вход: 1/44360 KZT; выход: 0/0 KZT; k=0.00; depth=4.
100000008254069100,peripheral,0.25,20,0.53161,Порогов ролей не достиг; требуется контекст. Вход: 1/10200 KZT; выход: 5/107500 KZT; k=10.54; depth=2.
100000008254576100,peripheral,0.25,35,0.437215,Порогов ролей не достиг; требуется контекст. Вход: 1/8000 KZT; выход: 1/60000 KZT; k=7.50; depth=3.
100000008255655100,peripheral,0.1,16,0.201799,Обрыв depth=4; продолжение неизвестно. Вход: 1/5400 KZT; выход: 0/0 KZT; k=0.00; depth=4.
100000008258083100,peripheral,0.25,30,0.671913,Порогов ролей не достиг; требуется контекст. Вход: 2/3149500 KZT; выход: 2/2045650 KZT; k=0.65; depth=2.
100000008258458100,peripheral,0.25,64,0.645489,Порогов ролей не достиг; требуется контекст. Вход: 1/19000 KZT; выход: 2/1557988 KZT; k=82.00; depth=3.
100000008259451100,peripheral,0.25,14,0.379609,Порогов ролей не достиг; требуется контекст. Вход: 1/55000 KZT; выход: 0/0 KZT; k=0.00; depth=3.
100000008279405100,terminal,0.5,6,0.557607,Гипотеза конечного получения. Вход: 1/234738 KZT; выход: 0/0 KZT; k=0.00; depth=3.
100000008283183100,peripheral,0.25,2,0.314484,Порогов ролей не достиг; требуется контекст. Вход: 1/29000 KZT; выход: 0/0 KZT; k=0.00; depth=2.
100000008289539100,peripheral,0.25,15,0.248292,Порогов ролей не достиг; требуется контекст. Вход: 1/14912 KZT; выход: 0/0 KZT; k=0.00; depth=2.
100000008293431100,peripheral,0.25,1,0.601361,Порогов ролей не достиг; требуется контекст. Вход: 1/15000 KZT; выход: 5/297000 KZT; k=19.80; depth=3.
100000008295429100,terminal,0.5,7,0.584475,Гипотеза конечного получения. Вход: 1/352000 KZT; выход: 0/0 KZT; k=0.00; depth=3.
100000008297199100,peripheral,0.25,1,0.347936,Порогов ролей не достиг; требуется контекст. Вход: 1/42268 KZT; выход: 0/0 KZT; k=0.00; depth=3.
100000008304115100,peripheral,0.25,11,0.371068,Порогов ролей не достиг; требуется контекст. Вход: 1/51000 KZT; выход: 0/0 KZT; k=0.00; depth=1.
100000008304139100,coordinator,0.65,3,0.879075,Гипотеза связующего узла. Вход: 4/189330 KZT; выход: 24/1692997 KZT; k=8.94; depth=1.
100000008306857100,peripheral,0.25,12,0.444021,Порогов ролей не достиг; требуется контекст. Вход: 1/125000 KZT; выход: 0/0 KZT; k=0.00; depth=3.
100000008308418100,peripheral,0.1,1,0.364432,Обрыв depth=4; продолжение неизвестно. Вход: 1/50000 KZT; выход: 0/0 KZT; k=0.00; depth=4.
100000008309514100,peripheral,0.25,2,0.264306,Порогов ролей не достиг; требуется контекст. Вход: 1/17200 KZT; выход: 0/0 KZT; k=0.00; depth=3.
100000008314203100,peripheral,0.2,38,0.631267,Порогов ролей не достиг; требуется контекст. Вход seed неполон. Вход: 2/382076 KZT; выход: 2/327000 KZT; k=0.86; depth=0.
100000008314863100,peripheral,0.25,3,0.237794,Порогов ролей не достиг; требуется контекст. Вход: 1/12000 KZT; выход: 0/0 KZT; k=0.00; depth=3.
100000008321975100,peripheral,0.1,21,0.204112,Обрыв depth=4; продолжение неизвестно. Вход: 1/5900 KZT; выход: 0/0 KZT; k=0.00; depth=4.
100000008324800100,transit,0.6,71,0.755968,Гипотеза транзита. Вход: 3/526500 KZT; выход: 1/511000 KZT; k=0.97; depth=2.
100000008327791100,peripheral,0.1,16,0.230447,Обрыв depth=4; продолжение неизвестно. Вход: 1/11000 KZT; выход: 0/0 KZT; k=0.00; depth=4.
100000008331280100,peripheral,0.1,26,0.341479,Обрыв depth=4; продолжение неизвестно. Вход: 1/41000 KZT; выход: 0/0 KZT; k=0.00; depth=4.
100000008332511100,peripheral,0.25,8,0.429431,Порогов ролей не достиг; требуется контекст. Вход: 1/100000 KZT; выход: 0/0 KZT; k=0.00; depth=3.
100000008333492100,peripheral,0.1,48,0.479913,Обрыв depth=4; продолжение неизвестно. Вход: 1/216400 KZT; выход: 0/0 KZT; k=0.00; depth=4.
100000008335401100,peripheral,0.25,9,0.456477,Порогов ролей не достиг; требуется контекст. Вход: 1/150000 KZT; выход: 0/0 KZT; k=0.00; depth=2.
100000008336318100,peripheral,0.1,5,0.463721,Обрыв depth=4; продолжение неизвестно. Вход: 1/170000 KZT; выход: 0/0 KZT; k=0.00; depth=4.
100000008337304100,peripheral,0.1,6,0.427778,Обрыв depth=4; продолжение неизвестно. Вход: 1/105465 KZT; выход: 0/0 KZT; k=0.00; depth=4.
100000008343415100,peripheral,0.1,6,0.424931,Обрыв depth=4; продолжение неизвестно. Вход: 1/100000 KZT; выход: 0/0 KZT; k=0.00; depth=4.
100000008343874100,peripheral,0.25,6,0.61355,Порогов ролей не достиг; требуется контекст. Вход: 2/283535 KZT; выход: 2/176400 KZT; k=0.62; depth=3.
100000008346837100,coordinator,0.65,13,0.874004,Гипотеза связующего узла. Вход: 9/254359 KZT; выход: 25/1258643 KZT; k=4.95; depth=2.
100000008349675100,peripheral,0.25,8,0.451272,Порогов ролей не достиг; требуется контекст. Вход: 1/46520 KZT; выход: 1/36650 KZT; k=0.79; depth=1.
100000008349740100,peripheral,0.1,36,0.391657,Обрыв depth=4; продолжение неизвестно. Вход: 1/70000 KZT; выход: 0/0 KZT; k=0.00; depth=4.
100000008352542100,peripheral,0.25,3,0.369644,Порогов ролей не достиг; требуется контекст. Вход: 1/50220 KZT; выход: 0/0 KZT; k=0.00; depth=2.
100000008356606100,terminal,0.5,13,0.577847,Гипотеза конечного получения. Вход: 2/168500 KZT; выход: 0/0 KZT; k=0.00; depth=2.
100000008376089100,peripheral,0.25,30,0.447402,Порогов ролей не достиг; требуется контекст. Вход: 1/135000 KZT; выход: 0/0 KZT; k=0.00; depth=2.
100000008376785100,peripheral,0.1,7,0.485251,Обрыв depth=4; продолжение неизвестно. Вход: 1/234250 KZT; выход: 0/0 KZT; k=0.00; depth=4.
100000008379273100,transit,0.6,9,0.600363,Гипотеза транзита. Вход: 2/36000 KZT; выход: 4/38000 KZT; k=1.06; depth=3.
100000008383405100,peripheral,0.25,23,0.301673,Порогов ролей не достиг; требуется контекст. Вход: 1/25000 KZT; выход: 0/0 KZT; k=0.00; depth=1.
100000008388049100,terminal,0.5,12,0.607251,Гипотеза конечного получения. Вход: 1/496400 KZT; выход: 0/0 KZT; k=0.00; depth=3.
100000008389800100,peripheral,0.25,4,0.649982,Порогов ролей не достиг; требуется контекст. Вход: 3/189000 KZT; выход: 7/401620 KZT; k=2.12; depth=2.
100000008405209100,peripheral,0.25,16,0.378007,Порогов ролей не достиг; требуется контекст. Вход: 1/54400 KZT; выход: 0/0 KZT; k=0.00; depth=3.
100000008406609100,peripheral,0.25,20,0.330676,Порогов ролей не достиг; требуется контекст. Вход: 1/34000 KZT; выход: 0/0 KZT; k=0.00; depth=2.
100000008413748100,distributor,0.75,16,0.854956,Гипотеза распределения. Вход: 2/26480 KZT; выход: 18/1377320 KZT; k=52.01; depth=2.
100000008416433100,peripheral,0.25,14,0.281566,Порогов ролей не достиг; требуется контекст. Вход: 1/20000 KZT; выход: 0/0 KZT; k=0.00; depth=3.
100000008417029100,peripheral,0.25,5,0.429431,Порогов ролей не достиг; требуется контекст. Вход: 1/100000 KZT; выход: 0/0 KZT; k=0.00; depth=3.
100000008417359100,peripheral,0.25,16,0.52556,Порогов ролей не достиг; требуется контекст. Вход: 1/40810 KZT; выход: 2/110760 KZT; k=2.71; depth=3.
100000008418835100,peripheral,0.2,15,0.661738,Порогов ролей не достиг; требуется контекст. Вход seed неполон. Вход: 1/1372000 KZT; выход: 4/186179 KZT; k=0.14; depth=0.
100000008418934100,terminal,0.5,9,0.586077,Гипотеза конечного получения. Вход: 1/360000 KZT; выход: 0/0 KZT; k=0.00; depth=2.
100000008422226100,peripheral,0.25,1,0.412883,Порогов ролей не достиг; требуется контекст. Вход: 1/87450 KZT; выход: 0/0 KZT; k=0.00; depth=3.
100000008427027100,terminal,0.5,3,0.575044,Гипотеза конечного получения. Вход: 1/300000 KZT; выход: 0/0 KZT; k=0.00; depth=3.
100000008430691100,peripheral,0.25,70,0.618799,Порогов ролей не достиг; требуется контекст. Вход: 1/20000 KZT; выход: 2/604900 KZT; k=30.25; depth=3.
100000008432942100,peripheral,0.25,1,0.351495,Порогов ролей не достиг; требуется контекст. Вход: 1/44542 KZT; выход: 0/0 KZT; k=0.00; depth=3.
100000008436257100,peripheral,0.25,16,0.376895,Порогов ролей не достиг; требуется контекст. Вход: 2/35000 KZT; выход: 0/0 KZT; k=0.00; depth=3.
100000008438656100,peripheral,0.25,3,0.478407,Порогов ролей не достиг; требуется контекст. Вход: 2/80000 KZT; выход: 1/5000 KZT; k=0.06; depth=1.
100000008443341100,peripheral,0.25,1,0.495267,Порогов ролей не достиг; требуется контекст. Вход: 2/34500 KZT; выход: 3/50000 KZT; k=1.45; depth=1.
100000008454065100,peripheral,0.25,14,0.295801,Порогов ролей не достиг; требуется контекст. Вход: 1/24050 KZT; выход: 0/0 KZT; k=0.00; depth=3.
100000008459449100,peripheral,0.25,1,0.376406,Порогов ролей не достиг; требуется контекст. Вход: 1/53700 KZT; выход: 0/0 KZT; k=0.00; depth=3.
100000008460102100,distributor,0.75,19,0.821859,Гипотеза распределения. Вход: 1/17500 KZT; выход: 31/476570 KZT; k=27.23; depth=3.
100000008461217100,peripheral,0.1,51,0.265322,Обрыв depth=4; продолжение неизвестно. Вход: 1/18000 KZT; выход: 0/0 KZT; k=0.00; depth=4.
100000008461532100,peripheral,0.25,26,0.690552,Порогов ролей не достиг; требуется контекст. Вход: 2/565300 KZT; выход: 8/2530090 KZT; k=4.48; depth=2.
100000008463968100,peripheral,0.25,2,0.2321,Порогов ролей не достиг; требуется контекст. Вход: 1/10000 KZT; выход: 0/0 KZT; k=0.00; depth=3.
100000008465789100,distributor,0.75,5,0.862429,Гипотеза распределения. Вход: 1/30099 KZT; выход: 16/1858100 KZT; k=61.73; depth=3.
100000008466579100,distributor,0.75,5,0.863052,Гипотеза распределения. Вход: 2/36952 KZT; выход: 17/1933000 KZT; k=52.31; depth=2.
100000008468762100,terminal,0.5,17,0.579093,Гипотеза конечного получения. Вход: 2/170000 KZT; выход: 0/0 KZT; k=0.00; depth=3.
100000008469048100,peripheral,0.1,1,0.494148,Обрыв depth=4; продолжение неизвестно. Вход: 1/265200 KZT; выход: 0/0 KZT; k=0.00; depth=4.
100000008470470100,peripheral,0.25,2,0.328897,Порогов ролей не достиг; требуется контекст. Вход: 1/33547 KZT; выход: 0/0 KZT; k=0.00; depth=1.
100000008471634100,peripheral,0.1,25,0.277066,Обрыв depth=4; продолжение неизвестно. Вход: 1/20000 KZT; выход: 0/0 KZT; k=0.00; depth=4.
100000008472324100,terminal,0.5,7,0.5496,Гипотеза конечного получения. Вход: 1/205200 KZT; выход: 0/0 KZT; k=0.00; depth=3.
100000008473207100,terminal,0.5,3,0.548888,Гипотеза конечного получения. Вход: 1/202000 KZT; выход: 0/0 KZT; k=0.00; depth=2.
100000008473765100,peripheral,0.25,6,0.321246,Порогов ролей не достиг; требуется контекст. Вход: 1/30000 KZT; выход: 0/0 KZT; k=0.00; depth=3.
100000008474308100,peripheral,0.25,1,0.338639,Порогов ролей не достиг; требуется контекст. Вход: 1/14000 KZT; выход: 1/10000 KZT; k=0.71; depth=2.
100000008474391100,peripheral,0.25,22,0.281566,Порогов ролей не достиг; требуется контекст. Вход: 1/20000 KZT; выход: 0/0 KZT; k=0.00; depth=3.
100000008477350100,coordinator,0.65,1,0.889173,Гипотеза связующего узла. Вход: 11/610100 KZT; выход: 39/3374866 KZT; k=5.53; depth=2.
100000008478414100,peripheral,0.25,2,0.2321,Порогов ролей не достиг; требуется контекст. Вход: 1/10000 KZT; выход: 0/0 KZT; k=0.00; depth=2.
100000008486520100,peripheral,0.25,4,0.406966,Порогов ролей не достиг; требуется контекст. Вход: 1/35720 KZT; выход: 1/14000 KZT; k=0.39; depth=1.
100000008488166100,peripheral,0.25,2,0.2079,Порогов ролей не достиг; требуется контекст. Вход: 1/5600 KZT; выход: 0/0 KZT; k=0.00; depth=3.
100000008489604100,peripheral,0.25,2,0.234947,Порогов ролей не достиг; требуется контекст. Вход: 1/11000 KZT; выход: 0/0 KZT; k=0.00; depth=3.
100000008489922100,coordinator,0.65,5,0.889262,Гипотеза связующего узла. Вход: 3/262010 KZT; выход: 36/3789900 KZT; k=14.46; depth=3.
100000008490127100,peripheral,0.25,7,0.668665,Порогов ролей не достиг; требуется контекст. Вход: 1/431755 KZT; выход: 6/923000 KZT; k=2.14; depth=3.
100000008491390100,peripheral,0.25,1,0.335658,Порогов ролей не достиг; требуется контекст. Вход: 1/36000 KZT; выход: 0/0 KZT; k=0.00; depth=3.
100000008493007100,transit,0.6,2,0.526431,Гипотеза транзита. Вход: 1/26150 KZT; выход: 1/26150 KZT; k=1.00; depth=3.
100000008497298100,terminal,0.5,9,0.617037,Гипотеза конечного получения. Вход: 1/600000 KZT; выход: 0/0 KZT; k=0.00; depth=2.
100000008501413100,transit,0.6,10,0.385327,Гипотеза транзита. Вход: 1/5000 KZT; выход: 1/5100 KZT; k=1.02; depth=3.
100000008502995100,peripheral,0.25,1,0.301673,Порогов ролей не достиг; требуется контекст. Вход: 1/25000 KZT; выход: 0/0 KZT; k=0.00; depth=3.
100000008503177100,peripheral,0.25,6,0.329609,Порогов ролей не достиг; требуется контекст. Вход: 1/33951 KZT; выход: 0/0 KZT; k=0.00; depth=3.
100000008507703100,peripheral,0.25,2,0.312883,Порогов ролей не достиг; требуется контекст. Вход: 1/28500 KZT; выход: 0/0 KZT; k=0.00; depth=3.
100000008512552100,coordinator,0.65,16,0.868443,Гипотеза связующего узла. Вход: 4/394360 KZT; выход: 6/1302275 KZT; k=3.30; depth=2.
100000008512827100,coordinator,0.65,12,0.876361,Гипотеза связующего узла. Вход: 3/107949 KZT; выход: 10/1944500 KZT; k=18.01; depth=2.
100000008513251100,peripheral,0.1,88,0.0,Seed без исходящих; нет наблюдаемых связей. Вход: 0/0 KZT; выход: 0/0 KZT; k=н/д; depth=0.
100000008514970100,peripheral,0.25,6,0.569956,Порогов ролей не достиг; требуется контекст. Вход: 1/379966 KZT; выход: 1/31000 KZT; k=0.08; depth=3.
100000008516839100,peripheral,0.1,20,0.523552,Seed только получатель; роль не установлена. Вход: 3/155000 KZT; выход: 0/0 KZT; k=0.00; depth=0.
100000008517061100,peripheral,0.1,14,0.576532,Обрыв depth=4; продолжение неизвестно. Вход: 1/1844000 KZT; выход: 0/0 KZT; k=0.00; depth=4.
100000008517538100,coordinator,0.65,5,0.873336,Гипотеза связующего узла. Вход: 3/155500 KZT; выход: 17/1439000 KZT; k=9.25; depth=3.
100000008522127100,peripheral,0.2,63,0.450884,Порогов ролей не достиг; требуется контекст. Вход seed неполон. Вход: 0/0 KZT; выход: 1/145000 KZT; k=н/д; depth=0.
100000008524903100,peripheral,0.1,1,0.248418,Обрыв depth=4; продолжение неизвестно. Вход: 1/15000 KZT; выход: 0/0 KZT; k=0.00; depth=4.
100000008525136100,peripheral,0.1,1,0.241479,Обрыв depth=4; продолжение неизвестно. Вход: 1/14100 KZT; выход: 0/0 KZT; k=0.00; depth=4.
100000008531133100,peripheral,0.25,4,0.550383,Порогов ролей не достиг; требуется контекст. Вход: 1/25000 KZT; выход: 3/158272 KZT; k=6.33; depth=2.
100000008531186100,peripheral,0.25,3,0.444021,Порогов ролей не достиг; требуется контекст. Вход: 1/125000 KZT; выход: 0/0 KZT; k=0.00; depth=2.
100000008532050100,terminal,0.5,7,0.601379,Гипотеза конечного получения. Вход: 1/455156 KZT; выход: 0/0 KZT; k=0.00; depth=3.
100000008536546100,terminal,0.5,17,0.606673,Гипотеза конечного получения. Вход: 2/250000 KZT; выход: 0/0 KZT; k=0.00; depth=3.
100000008537380100,peripheral,0.25,2,0.216975,Порогов ролей не достиг; требуется контекст. Вход: 1/8000 KZT; выход: 0/0 KZT; k=0.00; depth=3.
100000008545727100,peripheral,0.25,9,0.678096,Порогов ролей не достиг; требуется контекст. Вход: 1/30000 KZT; выход: 6/1866500 KZT; k=62.22; depth=2.
100000008546855100,consolidator,0.7,18,0.675653,Гипотеза консолидации. Вход: 6/71790 KZT; выход: 2/10000 KZT; k=0.14; depth=2.
100000008547295100,peripheral,0.25,8,0.252918,Порогов ролей не достиг; требуется контекст. Вход: 1/15000 KZT; выход: 0/0 KZT; k=0.00; depth=3.
100000008547844100,coordinator,0.65,5,0.880632,Гипотеза связующего узла. Вход: 3/177600 KZT; выход: 19/2042199 KZT; k=11.50; depth=2.
100000008547948100,coordinator,0.65,5,0.890952,Гипотеза связующего узла. Вход: 6/212665 KZT; выход: 26/5185600 KZT; k=24.38; depth=2.
100000008548853100,peripheral,0.25,2,0.245801,Порогов ролей не достиг; требуется контекст. Вход: 1/14000 KZT; выход: 0/0 KZT; k=0.00; depth=3.
100000008551752100,peripheral,0.1,41,0.521728,Обрыв depth=4; продолжение неизвестно. Вход: 1/406000 KZT; выход: 0/0 KZT; k=0.00; depth=4.
100000008554390100,peripheral,0.1,19,0.241301,Обрыв depth=4; продолжение неизвестно. Вход: 1/14000 KZT; выход: 0/0 KZT; k=0.00; depth=4.
100000008555233100,terminal,0.5,17,0.597998,Гипотеза конечного получения. Вход: 1/440600 KZT; выход: 0/0 KZT; k=0.00; depth=3.
100000008555918100,peripheral,0.25,3,0.539084,Порогов ролей не достиг; требуется контекст. Вход: 1/139211 KZT; выход: 2/43300 KZT; k=0.31; depth=1.
100000008556318100,terminal,0.5,3,0.58194,Гипотеза конечного получения. Вход: 2/180132 KZT; выход: 0/0 KZT; k=0.00; depth=1.
100000008557672100,peripheral,0.25,2,0.362883,Порогов ролей не достиг; требуется контекст. Вход: 1/49125 KZT; выход: 0/0 KZT; k=0.00; depth=2.
100000008560263100,peripheral,0.1,7,0.424931,Обрыв depth=4; продолжение неизвестно. Вход: 1/100000 KZT; выход: 0/0 KZT; k=0.00; depth=4.
100000008560717100,consolidator,0.7,7,0.815511,Гипотеза консолидации. Вход: 7/529000 KZT; выход: 1/25000 KZT; k=0.05; depth=1.
100000008561016100,transit,0.6,5,0.671804,Гипотеза транзита. Вход: 1/180000 KZT; выход: 1/185000 KZT; k=1.03; depth=3.
100000008566737100,terminal,0.5,1,0.599021,Гипотеза конечного получения. Вход: 2/230000 KZT; выход: 0/0 KZT; k=0.00; depth=1.
100000008568512100,terminal,0.5,7,0.545685,Гипотеза конечного получения. Вход: 1/199640 KZT; выход: 0/0 KZT; k=0.00; depth=3.
100000008571243100,peripheral,0.25,9,0.447046,Порогов ролей не достиг; требуется контекст. Вход: 1/134000 KZT; выход: 0/0 KZT; k=0.00; depth=3.
100000008571433100,peripheral,0.2,52,0.657068,Порогов ролей не достиг; требуется контекст. Вход seed неполон. Вход: 2/350000 KZT; выход: 2/1434000 KZT; k=4.10; depth=0.
100000008571443100,peripheral,0.25,13,0.434368,Порогов ролей не достиг; требуется контекст. Вход: 2/65000 KZT; выход: 0/0 KZT; k=0.00; depth=2.
100000008575624100,peripheral,0.2,49,0.480822,Порогов ролей не достиг; требуется контекст. Вход seed неполон. Вход: 0/0 KZT; выход: 3/89500 KZT; k=н/д; depth=0.
100000008576243100,peripheral,0.25,1,0.45056,Порогов ролей не достиг; требуется контекст. Вход: 2/82920 KZT; выход: 0/0 KZT; k=0.00; depth=3.
100000008576528100,peripheral,0.25,7,0.311459,Порогов ролей не достиг; требуется контекст. Вход: 1/28000 KZT; выход: 0/0 KZT; k=0.00; depth=3.
100000008579978100,peripheral,0.25,7,0.479564,Порогов ролей не достиг; требуется контекст. Вход: 1/34000 KZT; выход: 1/77000 KZT; k=2.26; depth=3.
100000008582730100,transit,0.6,18,0.384972,Гипотеза транзита. Вход: 1/5000 KZT; выход: 1/5000 KZT; k=1.00; depth=3.
100000008583360100,peripheral,0.25,9,0.545934,Порогов ролей не достиг; требуется контекст. Вход: 1/112843 KZT; выход: 1/170000 KZT; k=1.51; depth=3.
100000008583971100,peripheral,0.1,1,0.40994,Обрыв depth=4; продолжение неизвестно. Вход: 2/51000 KZT; выход: 0/0 KZT; k=0.00; depth=4.
100000008586731100,peripheral,0.25,11,0.237794,Порогов ролей не достиг; требуется контекст. Вход: 1/12000 KZT; выход: 0/0 KZT; k=0.00; depth=1.
100000008587459100,peripheral,0.25,1,0.639884,Порогов ролей не достиг; требуется контекст. Вход: 2/181507 KZT; выход: 2/686500 KZT; k=3.78; depth=2.
100000008588665100,peripheral,0.1,1,0.297173,Обрыв depth=4; продолжение неизвестно. Вход: 1/25000 KZT; выход: 0/0 KZT; k=0.00; depth=4.
100000008595687100,peripheral,0.25,4,0.442731,Порогов ролей не достиг; требуется контекст. Вход: 1/64395 KZT; выход: 1/10400 KZT; k=0.16; depth=3.
100000008596924100,peripheral,0.25,8,0.429431,Порогов ролей не достиг; требуется контекст. Вход: 1/100000 KZT; выход: 0/0 KZT; k=0.00; depth=3.
100000008598972100,peripheral,0.25,6,0.442064,Порогов ролей не достиг; требуется контекст. Вход: 1/120000 KZT; выход: 0/0 KZT; k=0.00; depth=3.
100000008599354100,peripheral,0.25,1,0.527429,Порогов ролей не достиг; требуется контекст. Вход: 1/177000 KZT; выход: 1/38200 KZT; k=0.22; depth=3.
100000008601794100,peripheral,0.2,55,0.639897,Порогов ролей не достиг; требуется контекст. Вход seed неполон. Вход: 2/494400 KZT; выход: 1/871400 KZT; k=1.76; depth=0.
100000008603331100,peripheral,0.25,5,0.656432,Порогов ролей не достиг; требуется контекст. Вход: 2/39500 KZT; выход: 6/741774 KZT; k=18.78; depth=2.
100000008603629100,coordinator,0.65,6,0.893132,Гипотеза связующего узла. Вход: 19/1817300 KZT; выход: 61/4986156 KZT; k=2.74; depth=2.
100000008612257100,peripheral,0.25,16,0.220712,Порогов ролей не достиг; требуется контекст. Вход: 1/9500 KZT; выход: 0/0 KZT; k=0.00; depth=3.
100000008619159100,peripheral,0.1,64,0.526888,Обрыв depth=4; продолжение неизвестно. Вход: 1/446400 KZT; выход: 0/0 KZT; k=0.00; depth=4.
100000008619857100,peripheral,0.25,1,0.41524,Порогов ролей не достиг; требуется контекст. Вход: 1/29000 KZT; выход: 2/13000 KZT; k=0.45; depth=3.
100000008620570100,peripheral,0.25,6,0.548425,Порогов ролей не достиг; требуется контекст. Вход: 2/145000 KZT; выход: 2/31800 KZT; k=0.22; depth=3.
100000008624978100,peripheral,0.25,17,0.434235,Порогов ролей не достиг; требуется контекст. Вход: 1/109000 KZT; выход: 0/0 KZT; k=0.00; depth=2.
100000008625905100,peripheral,0.25,57,0.628052,Порогов ролей не достиг; требуется контекст. Вход: 1/197800 KZT; выход: 2/635000 KZT; k=3.21; depth=3.
100000008628231100,peripheral,0.25,66,0.620756,Порогов ролей не достиг; требуется контекст. Вход: 1/50000 KZT; выход: 2/627870 KZT; k=12.56; depth=1.
100000008628818100,peripheral,0.1,9,0.351621,Обрыв depth=4; продолжение неизвестно. Вход: 1/46310 KZT; выход: 0/0 KZT; k=0.00; depth=4.
100000008629504100,peripheral,0.1,1,0.277066,Обрыв depth=4; продолжение неизвестно. Вход: 1/20000 KZT; выход: 0/0 KZT; k=0.00; depth=4.
100000008629581100,peripheral,0.25,3,0.377829,Порогов ролей не достиг; требуется контекст. Вход: 1/54184 KZT; выход: 0/0 KZT; k=0.00; depth=2.
100000008631800100,peripheral,0.1,19,0.236319,Обрыв depth=4; продолжение неизвестно. Вход: 1/12850 KZT; выход: 0/0 KZT; k=0.00; depth=4.
100000008632060100,peripheral,0.25,1,0.616352,Порогов ролей не достиг; требуется контекст. Вход: 1/6000 KZT; выход: 9/339200 KZT; k=56.53; depth=3.
100000008633099100,peripheral,0.25,8,0.371379,Порогов ролей не достиг; требуется контекст. Вход: 1/19468 KZT; выход: 1/13500 KZT; k=0.69; depth=3.
100000008634520100,peripheral,0.25,5,0.416441,Порогов ролей не достиг; требуется контекст. Вход: 1/90000 KZT; выход: 0/0 KZT; k=0.00; depth=3.
100000008636603100,peripheral,0.25,11,0.575116,Порогов ролей не достиг; требуется контекст. Вход: 2/35460 KZT; выход: 6/159375 KZT; k=4.49; depth=2.
100000008637537100,coordinator,0.52,38,0.828865,Гипотеза связующего узла. Вход seed неполон. Вход: 3/619890 KZT; выход: 3/2351495 KZT; k=3.79; depth=0.
100000008638859100,peripheral,0.1,18,0.326176,Обрыв depth=4; продолжение неизвестно. Вход: 1/34000 KZT; выход: 0/0 KZT; k=0.00; depth=4.
100000008647905100,peripheral,0.25,18,0.591575,Порогов ролей не достиг; требуется контекст. Вход: 1/50000 KZT; выход: 2/344222 KZT; k=6.88; depth=2.
100000008648783100,peripheral,0.1,19,0.200731,Обрыв depth=4; продолжение неизвестно. Вход: 1/5200 KZT; выход: 0/0 KZT; k=0.00; depth=4.
100000008649416100,peripheral,0.1,16,0.20002,Обрыв depth=4; продолжение неизвестно. Вход: 1/5000 KZT; выход: 0/0 KZT; k=0.00; depth=4.
100000008650785100,peripheral,0.2,4,0.560093,Порогов ролей не достиг; требуется контекст. Вход seed неполон. Вход: 2/92000 KZT; выход: 2/120120 KZT; k=1.31; depth=0.
100000008652094100,peripheral,0.25,1,0.333523,Порогов ролей не достиг; требуется контекст. Вход: 1/35000 KZT; выход: 0/0 KZT; k=0.00; depth=3.
100000008653041100,peripheral,0.25,2,0.311459,Порогов ролей не достиг; требуется контекст. Вход: 1/28000 KZT; выход: 0/0 KZT; k=0.00; depth=3.
100000008654653100,peripheral,0.2,4,0.375973,Порогов ролей не достиг; требуется контекст. Вход seed неполон. Вход: 0/0 KZT; выход: 1/54000 KZT; k=н/д; depth=0.
100000008655035100,peripheral,0.25,8,0.321246,Порогов ролей не достиг; требуется контекст. Вход: 1/30000 KZT; выход: 0/0 KZT; k=0.00; depth=2.
100000008655779100,peripheral,0.25,28,0.46524,Порогов ролей не достиг; требуется контекст. Вход: 1/47000 KZT; выход: 2/24704 KZT; k=0.53; depth=3.
100000008656043100,peripheral,0.25,2,0.307367,Порогов ролей не достиг; требуется контекст. Вход: 1/26200 KZT; выход: 0/0 KZT; k=0.00; depth=2.
100000008659445100,peripheral,0.2,43,0.660582,Порогов ролей не достиг; требуется контекст. Вход seed неполон. Вход: 3/138490 KZT; выход: 4/875150 KZT; k=6.32; depth=0.
100000008659950100,terminal,0.5,5,0.562233,Гипотеза конечного получения. Вход: 1/246000 KZT; выход: 0/0 KZT; k=0.00; depth=3.
100000008661550100,peripheral,0.25,2,0.288327,Порогов ролей не достиг; требуется контекст. Вход: 1/22800 KZT; выход: 0/0 KZT; k=0.00; depth=3.
100000008661585100,peripheral,0.25,2,0.349004,Порогов ролей не достиг; требуется контекст. Вход: 1/43141 KZT; выход: 0/0 KZT; k=0.00; depth=1.
100000008662216100,peripheral,0.25,2,0.307367,Порогов ролей не достиг; требуется контекст. Вход: 1/26200 KZT; выход: 0/0 KZT; k=0.00; depth=3.
100000008662805100,peripheral,0.25,2,0.260925,Порогов ролей не достиг; требуется контекст. Вход: 1/16500 KZT; выход: 0/0 KZT; k=0.00; depth=3.
100000008663007100,peripheral,0.25,2,0.245801,Порогов ролей не достиг; требуется контекст. Вход: 1/14000 KZT; выход: 0/0 KZT; k=0.00; depth=1.
100000008663723100,peripheral,0.25,2,0.255943,Порогов ролей не достиг; требуется контекст. Вход: 1/15600 KZT; выход: 0/0 KZT; k=0.00; depth=3.
100000008664469100,peripheral,0.25,3,0.301673,Порогов ролей не достиг; требуется контекст. Вход: 1/25000 KZT; выход: 0/0 KZT; k=0.00; depth=1.
100000008664774100,peripheral,0.25,2,0.25968,Порогов ролей не достиг; требуется контекст. Вход: 1/16300 KZT; выход: 0/0 KZT; k=0.00; depth=3.
100000008665380100,peripheral,0.25,1,0.480365,Порогов ролей не достиг; требуется контекст. Вход: 2/69100 KZT; выход: 1/18200 KZT; k=0.26; depth=1.
100000008666075100,peripheral,0.25,2,0.307544,Порогов ролей не достиг; требуется контекст. Вход: 1/26217 KZT; выход: 0/0 KZT; k=0.00; depth=1.
100000008667058100,peripheral,0.25,2,0.265907,Порогов ролей не достиг; требуется контекст. Вход: 1/17534 KZT; выход: 0/0 KZT; k=0.00; depth=1.
100000008667795100,peripheral,0.25,2,0.330676,Порогов ролей не достиг; требуется контекст. Вход: 1/34000 KZT; выход: 0/0 KZT; k=0.00; depth=3.
100000008667799100,peripheral,0.25,2,0.330676,Порогов ролей не достиг; требуется контекст. Вход: 1/34000 KZT; выход: 0/0 KZT; k=0.00; depth=3.
100000008668099100,peripheral,0.25,2,0.256833,Порогов ролей не достиг; требуется контекст. Вход: 1/15700 KZT; выход: 0/0 KZT; k=0.00; depth=3.
100000008669037100,peripheral,0.1,89,0.0,Seed без исходящих; нет наблюдаемых связей. Вход: 0/0 KZT; выход: 0/0 KZT; k=н/д; depth=0.
100000008669310100,peripheral,0.25,1,0.383701,Порогов ролей не достиг; требуется контекст. Вход: 1/59567 KZT; выход: 0/0 KZT; k=0.00; depth=3.
100000008670667100,peripheral,0.25,2,0.255053,Порогов ролей не достиг; требуется контекст. Вход: 1/15534 KZT; выход: 0/0 KZT; k=0.00; depth=1.
100000008671026100,peripheral,0.25,2,0.291352,Порогов ролей не достиг; требуется контекст. Вход: 1/23534 KZT; выход: 0/0 KZT; k=0.00; depth=1.
100000008671081100,peripheral,0.25,2,0.337616,Порогов ролей не достиг; требуется контекст. Вход: 1/37200 KZT; выход: 0/0 KZT; k=0.00; depth=3.
100000008671129100,peripheral,0.25,2,0.307367,Порогов ролей не достиг; требуется контекст. Вход: 1/26200 KZT; выход: 0/0 KZT; k=0.00; depth=3.
100000008671929100,peripheral,0.25,3,0.400071,Порогов ролей не достиг; требуется контекст. Вход: 1/75000 KZT; выход: 0/0 KZT; k=0.00; depth=1.
100000008672162100,peripheral,0.25,2,0.255409,Порогов ролей не достиг; требуется контекст. Вход: 1/15550 KZT; выход: 0/0 KZT; k=0.00; depth=1.
100000008672200100,peripheral,0.25,2,0.218221,Порогов ролей не достиг; требуется контекст. Вход: 1/8511 KZT; выход: 0/0 KZT; k=0.00; depth=1.
100000008672480100,peripheral,0.25,2,0.241886,Порогов ролей не достиг; требуется контекст. Вход: 1/13000 KZT; выход: 0/0 KZT; k=0.00; depth=2.
100000008672493100,peripheral,0.25,2,0.245801,Порогов ролей не достиг; требуется контекст. Вход: 1/14000 KZT; выход: 0/0 KZT; k=0.00; depth=3.
100000008672603100,peripheral,0.25,3,0.285302,Порогов ролей не достиг; требуется контекст. Вход: 1/21200 KZT; выход: 0/0 KZT; k=0.00; depth=2.
100000008672762100,peripheral,0.25,2,0.241886,Порогов ролей не достиг; требуется контекст. Вход: 1/13000 KZT; выход: 0/0 KZT; k=0.00; depth=2.
100000008673001100,peripheral,0.1,20,0.399308,Seed только получатель; роль не установлена. Вход: 1/80000 KZT; выход: 0/0 KZT; k=0.00; depth=0.
100000008675322100,peripheral,0.1,36,0.509272,Обрыв depth=4; продолжение неизвестно. Вход: 1/340000 KZT; выход: 0/0 KZT; k=0.00; depth=4.
100000008676812100,terminal,0.5,18,0.556183,Гипотеза конечного получения. Вход: 1/230800 KZT; выход: 0/0 KZT; k=0.00; depth=3.
100000008677215100,peripheral,0.25,22,0.219822,Порогов ролей не достиг; требуется контекст. Вход: 1/9000 KZT; выход: 0/0 KZT; k=0.00; depth=3.
100000008677368100,peripheral,0.1,8,0.238632,Обрыв depth=4; продолжение неизвестно. Вход: 1/13500 KZT; выход: 0/0 KZT; k=0.00; depth=4.
100000008677518100,peripheral,0.25,2,0.361815,Порогов ролей не достиг; требуется контекст. Вход: 1/48700 KZT; выход: 0/0 KZT; k=0.00; depth=3.
100000008679986100,peripheral,0.25,2,0.271779,Порогов ролей не достиг; требуется контекст. Вход: 1/19000 KZT; выход: 0/0 KZT; k=0.00; depth=1.
100000008680061100,peripheral,0.1,1,0.341835,Обрыв depth=4; продолжение неизвестно. Вход: 1/41300 KZT; выход: 0/0 KZT; k=0.00; depth=4.
100000008680451100,peripheral,0.25,2,0.291352,Порогов ролей не достиг; требуется контекст. Вход: 1/23534 KZT; выход: 0/0 KZT; k=0.00; depth=1.
100000008680731100,distributor,0.6,11,0.821536,Гипотеза распределения. Вход seed неполон. Вход: 0/0 KZT; выход: 27/1464354 KZT; k=н/д; depth=0.
100000008680912100,peripheral,0.25,32,0.414617,Порогов ролей не достиг; требуется контекст. Вход: 1/45112 KZT; выход: 1/5991 KZT; k=0.13; depth=3.
100000008682426100,peripheral,0.25,14,0.281566,Порогов ролей не достиг; требуется контекст. Вход: 1/20000 KZT; выход: 0/0 KZT; k=0.00; depth=3.
100000008683818100,peripheral,0.25,2,0.26484,Порогов ролей не достиг; требуется контекст. Вход: 1/17400 KZT; выход: 0/0 KZT; k=0.00; depth=2.
100000008684452100,peripheral,0.25,2,0.372313,Порогов ролей не достиг; требуется контекст. Вход: 1/51800 KZT; выход: 0/0 KZT; k=0.00; depth=3.
100000008684767100,peripheral,0.25,2,0.324093,Порогов ролей не достиг; требуется контекст. Вход: 1/31100 KZT; выход: 0/0 KZT; k=0.00; depth=3.
100000008684951100,peripheral,0.25,2,0.264306,Порогов ролей не достиг; требуется контекст. Вход: 1/17200 KZT; выход: 0/0 KZT; k=0.00; depth=3.
100000008686214100,peripheral,0.25,6,0.301673,Порогов ролей не достиг; требуется контекст. Вход: 1/25000 KZT; выход: 0/0 KZT; k=0.00; depth=3.
100000008686234100,peripheral,0.25,1,0.342064,Порогов ролей не достиг; требуется контекст. Вход: 1/39778 KZT; выход: 0/0 KZT; k=0.00; depth=1.
100000008686247100,peripheral,0.25,23,0.353585,Порогов ролей не достиг; требуется контекст. Вход: 1/22000 KZT; выход: 1/5000 KZT; k=0.23; depth=3.
100000008686313100,coordinator,0.65,1,0.877429,Гипотеза связующего узла. Вход: 6/1912716 KZT; выход: 7/333800 KZT; k=0.17; depth=1.
100000008686494100,peripheral,0.25,2,0.256833,Порогов ролей не достиг; требуется контекст. Вход: 1/15700 KZT; выход: 0/0 KZT; k=0.00; depth=3.
100000008687492100,peripheral,0.25,2,0.252918,Порогов ролей не достиг; требуется контекст. Вход: 1/15000 KZT; выход: 0/0 KZT; k=0.00; depth=2.
100000008687617100,peripheral,0.25,2,0.349181,Порогов ролей не достиг; требуется контекст. Вход: 1/43350 KZT; выход: 0/0 KZT; k=0.00; depth=3.
100000008687671100,peripheral,0.25,2,0.338683,Порогов ролей не достиг; требуется контекст. Вход: 1/37500 KZT; выход: 0/0 KZT; k=0.00; depth=1.
100000008687733100,peripheral,0.25,2,0.247758,Порогов ролей не достиг; требуется контекст. Вход: 1/14650 KZT; выход: 0/0 KZT; k=0.00; depth=3.
100000008687990100,peripheral,0.25,2,0.266797,Порогов ролей не достиг; требуется контекст. Вход: 1/17600 KZT; выход: 0/0 KZT; k=0.00; depth=3.
100000008688109100,peripheral,0.25,2,0.240641,Порогов ролей не достиг; требуется контекст. Вход: 1/12800 KZT; выход: 0/0 KZT; k=0.00; depth=3.
100000008688155100,peripheral,0.25,2,0.291708,Порогов ролей не достиг; требуется контекст. Вход: 1/23600 KZT; выход: 0/0 KZT; k=0.00; depth=3.
100000008688476100,peripheral,0.25,2,0.295267,Порогов ролей не достиг; требуется контекст. Вход: 1/24000 KZT; выход: 0/0 KZT; k=0.00; depth=2.
100000008688881100,peripheral,0.25,2,0.350249,Порогов ролей не достиг; требуется контекст. Вход: 1/44211 KZT; выход: 0/0 KZT; k=0.00; depth=2.
100000008690762100,peripheral,0.25,2,0.308078,Порогов ролей не достиг; требуется контекст. Вход: 1/26750 KZT; выход: 0/0 KZT; k=0.00; depth=3.
100000008690932100,peripheral,0.25,2,0.289573,Порогов ролей не достиг; требуется контекст. Вход: 1/23000 KZT; выход: 0/0 KZT; k=0.00; depth=1.
100000008691027100,peripheral,0.25,2,0.265907,Порогов ролей не достиг; требуется контекст. Вход: 1/17534 KZT; выход: 0/0 KZT; k=0.00; depth=1.
100000008691168100,peripheral,0.25,2,0.295267,Порогов ролей не достиг; требуется контекст. Вход: 1/24000 KZT; выход: 0/0 KZT; k=0.00; depth=2.
100000008691330100,peripheral,0.25,2,0.28548,Порогов ролей не достиг; требуется контекст. Вход: 1/21440 KZT; выход: 0/0 KZT; k=0.00; depth=1.
100000008691495100,peripheral,0.25,2,0.310214,Порогов ролей не достиг; требуется контекст. Вход: 1/27000 KZT; выход: 0/0 KZT; k=0.00; depth=1.
100000008692291100,transit,0.6,5,0.711573,Гипотеза транзита. Вход: 3/160000 KZT; выход: 3/156000 KZT; k=0.97; depth=3.
100000008693069100,peripheral,0.25,2,0.281566,Порогов ролей не достиг; требуется контекст. Вход: 1/20000 KZT; выход: 0/0 KZT; k=0.00; depth=1.
100000008695133100,peripheral,0.25,2,0.336192,Порогов ролей не достиг; требуется контекст. Вход: 1/36610 KZT; выход: 0/0 KZT; k=0.00; depth=3.
100000008695157100,peripheral,0.1,6,0.524397,Обрыв depth=4; продолжение неизвестно. Вход: 1/425546 KZT; выход: 0/0 KZT; k=0.00; depth=4.
100000008695495100,peripheral,0.25,2,0.284769,Порогов ролей не достиг; требуется контекст. Вход: 1/21000 KZT; выход: 0/0 KZT; k=0.00; depth=1.
100000008695566100,peripheral,0.25,2,0.329431,Порогов ролей не достиг; требуется контекст. Вход: 1/33700 KZT; выход: 0/0 KZT; k=0.00; depth=3.
100000008695689100,peripheral,0.25,2,0.307367,Порогов ролей не достиг; требуется контекст. Вход: 1/26200 KZT; выход: 0/0 KZT; k=0.00; depth=3.
100000008696692100,peripheral,0.25,2,0.271779,Порогов ролей не достиг; требуется контекст. Вход: 1/19000 KZT; выход: 0/0 KZT; k=0.00; depth=2.
100000008696919100,peripheral,0.25,2,0.325694,Порогов ролей не достиг; требуется контекст. Вход: 1/31945 KZT; выход: 0/0 KZT; k=0.00; depth=1.
100000008697670100,peripheral,0.25,2,0.30274,Порогов ролей не достиг; требуется контекст. Вход: 1/25350 KZT; выход: 0/0 KZT; k=0.00; depth=3.
100000008699083100,peripheral,0.1,12,0.487208,Обрыв depth=4; продолжение неизвестно. Вход: 1/238500 KZT; выход: 0/0 KZT; k=0.00; depth=4.
100000008701222100,peripheral,0.1,90,0.0,Seed без исходящих; нет наблюдаемых связей. Вход: 0/0 KZT; выход: 0/0 KZT; k=н/д; depth=0.
100000008701256100,peripheral,0.25,32,0.382456,Порогов ролей не достиг; требуется контекст. Вход: 1/58250 KZT; выход: 0/0 KZT; k=0.00; depth=2.
100000008701944100,peripheral,0.25,15,0.372847,Порогов ролей не достиг; требуется контекст. Вход: 1/52124 KZT; выход: 0/0 KZT; k=0.00; depth=1.
100000008703533100,peripheral,0.1,5,0.395571,Обрыв depth=4; продолжение неизвестно. Вход: 1/75000 KZT; выход: 0/0 KZT; k=0.00; depth=4.
100000008706846100,peripheral,0.25,2,0.246512,Порогов ролей не достиг; требуется контекст. Вход: 1/14200 KZT; выход: 0/0 KZT; k=0.00; depth=3.
100000008706947100,peripheral,0.25,2,0.264306,Порогов ролей не достиг; требуется контекст. Вход: 1/17200 KZT; выход: 0/0 KZT; k=0.00; depth=3.
100000008707810100,peripheral,0.25,2,0.307367,Порогов ролей не достиг; требуется контекст. Вход: 1/26200 KZT; выход: 0/0 KZT; k=0.00; depth=3.
100000008708025100,peripheral,0.25,28,0.2321,Порогов ролей не достиг; требуется контекст. Вход: 1/10000 KZT; выход: 0/0 KZT; k=0.00; depth=3.
100000008708061100,peripheral,0.25,2,0.218399,Порогов ролей не достиг; требуется контекст. Вход: 1/8650 KZT; выход: 0/0 KZT; k=0.00; depth=3.
100000008708207100,terminal,0.5,5,0.646708,Гипотеза конечного получения. Вход: 2/465000 KZT; выход: 0/0 KZT; k=0.00; depth=3.
100000008708368100,peripheral,0.25,2,0.292776,Порогов ролей не достиг; требуется контекст. Вход: 1/23677 KZT; выход: 0/0 KZT; k=0.00; depth=1.
100000008708595100,peripheral,0.25,2,0.264306,Порогов ролей не достиг; требуется контекст. Вход: 1/17200 KZT; выход: 0/0 KZT; k=0.00; depth=3.
100000008708743100,peripheral,0.25,2,0.255409,Порогов ролей не достиг; требуется контекст. Вход: 1/15550 KZT; выход: 0/0 KZT; k=0.00; depth=3.
100000008710791100,coordinator,0.65,5,0.890196,Гипотеза связующего узла. Вход: 3/181510 KZT; выход: 23/5521511 KZT; k=30.42; depth=2.
100000008710843100,distributor,0.75,17,0.862028,Гипотеза распределения. Вход: 2/33944 KZT; выход: 13/1985500 KZT; k=58.49; depth=2.
100000008710913100,peripheral,0.1,5,0.241301,Обрыв depth=4; продолжение неизвестно. Вход: 1/14000 KZT; выход: 0/0 KZT; k=0.00; depth=4.
100000008712036100,peripheral,0.25,2,0.284769,Порогов ролей не достиг; требуется контекст. Вход: 1/21000 KZT; выход: 0/0 KZT; k=0.00; depth=3.
100000008712184100,peripheral,0.25,2,0.269822,Порогов ролей не достиг; требуется контекст. Вход: 1/18000 KZT; выход: 0/0 KZT; k=0.00; depth=3.
100000008712827100,peripheral,0.25,2,0.401317,Порогов ролей не достиг; требуется контекст. Вход: 1/76000 KZT; выход: 0/0 KZT; k=0.00; depth=3.
100000008712991100,peripheral,0.25,2,0.391708,Порогов ролей не достиг; требуется контекст. Вход: 1/66100 KZT; выход: 0/0 KZT; k=0.00; depth=3.
100000008713270100,peripheral,0.25,8,0.56444,Порогов ролей не достиг; требуется контекст. Вход: 1/30000 KZT; выход: 3/190000 KZT; k=6.33; depth=2.
100000008713685100,peripheral,0.25,2,0.363416,Порогов ролей не достиг; требуется контекст. Вход: 1/49700 KZT; выход: 0/0 KZT; k=0.00; depth=3.
100000008714412100,terminal,0.5,9,0.534653,Гипотеза конечного получения. Вход: 1/169000 KZT; выход: 0/0 KZT; k=0.00; depth=3.
100000008715513100,peripheral,0.1,19,0.323151,Обрыв depth=4; продолжение неизвестно. Вход: 1/32500 KZT; выход: 0/0 KZT; k=0.00; depth=4.
100000008715887100,peripheral,0.25,2,0.269822,Порогов ролей не достиг; требуется контекст. Вход: 1/18000 KZT; выход: 0/0 KZT; k=0.00; depth=3.
100000008716072100,peripheral,0.25,2,0.237972,Порогов ролей не достиг; требуется контекст. Вход: 1/12100 KZT; выход: 0/0 KZT; k=0.00; depth=3.
100000008716222100,peripheral,0.25,2,0.269822,Порогов ролей не достиг; требуется контекст. Вход: 1/18000 KZT; выход: 0/0 KZT; k=0.00; depth=1.
100000008716439100,peripheral,0.25,2,0.238327,Порогов ролей не достиг; требуется контекст. Вход: 1/12267 KZT; выход: 0/0 KZT; k=0.00; depth=1.
100000008716773100,peripheral,0.25,2,0.256299,Порогов ролей не достиг; требуется контекст. Вход: 1/15677 KZT; выход: 0/0 KZT; k=0.00; depth=1.
100000008717340100,peripheral,0.25,2,0.34669,Порогов ролей не достиг; требуется контекст. Вход: 1/41500 KZT; выход: 0/0 KZT; k=0.00; depth=1.
100000008717341100,peripheral,0.25,2,0.24758,Порогов ролей не достиг; требуется контекст. Вход: 1/14627 KZT; выход: 0/0 KZT; k=0.00; depth=1.
100000008717375100,peripheral,0.25,3,0.315552,Порогов ролей не достиг; требуется контекст. Вход: 1/29506 KZT; выход: 0/0 KZT; k=0.00; depth=2.
100000008717802100,peripheral,0.25,2,0.305587,Порогов ролей не достиг; требуется контекст. Вход: 1/26150 KZT; выход: 0/0 KZT; k=0.00; depth=3.
100000008718089100,peripheral,0.25,2,0.255053,Порогов ролей не достиг; требуется контекст. Вход: 1/15534 KZT; выход: 0/0 KZT; k=0.00; depth=1.
100000008718811100,peripheral,0.25,2,0.398648,Порогов ролей не достиг; требуется контекст. Вход: 1/73300 KZT; выход: 0/0 KZT; k=0.00; depth=3.
100000008720668100,peripheral,0.25,2,0.259146,Порогов ролей не достиг; требуется контекст. Вход: 1/16000 KZT; выход: 0/0 KZT; k=0.00; depth=3.
100000008720798100,peripheral,0.25,2,0.255053,Порогов ролей не достиг; требуется контекст. Вход: 1/15534 KZT; выход: 0/0 KZT; k=0.00; depth=1.
100000008720856100,peripheral,0.25,7,0.432767,Порогов ролей не достиг; требуется контекст. Вход: 1/18105 KZT; выход: 1/46000 KZT; k=2.54; depth=3.
100000008721637100,peripheral,0.25,8,0.525205,Порогов ролей не достиг; требуется контекст. Вход: 1/24041 KZT; выход: 2/127000 KZT; k=5.28; depth=3.
100000008722328100,peripheral,0.25,2,0.292776,Порогов ролей не достиг; требуется контекст. Вход: 1/23677 KZT; выход: 0/0 KZT; k=0.00; depth=1.
100000008722417100,peripheral,0.25,7,0.646824,Порогов ролей не достиг; требуется контекст. Вход: 1/331900 KZT; выход: 3/720000 KZT; k=2.17; depth=3.
100000008722541100,peripheral,0.1,7,0.497528,Обрыв depth=4; продолжение неизвестно. Вход: 1/280000 KZT; выход: 0/0 KZT; k=0.00; depth=4.
100000008723830100,transit,0.6,4,0.740754,Гипотеза транзита. Вход: 2/459785 KZT; выход: 1/455000 KZT; k=0.99; depth=1.
100000008724279100,peripheral,0.25,4,0.236014,Порогов ролей не достиг; требуется контекст. Вход: 1/11750 KZT; выход: 0/0 KZT; k=0.00; depth=1.
100000008724461100,peripheral,0.25,5,0.531699,Порогов ролей не достиг; требуется контекст. Вход: 1/100111 KZT; выход: 1/130000 KZT; k=1.30; depth=3.
100000008727982100,peripheral,0.1,27,0.316746,Обрыв depth=4; продолжение неизвестно. Вход: 1/30000 KZT; выход: 0/0 KZT; k=0.00; depth=4.
100000008728457100,peripheral,0.25,10,0.35452,Порогов ролей не достиг; требуется контекст. Вход: 1/45000 KZT; выход: 0/0 KZT; k=0.00; depth=1.
100000008729597100,peripheral,0.25,6,0.407544,Порогов ролей не достиг; требуется контекст. Вход: 1/83090 KZT; выход: 0/0 KZT; k=0.00; depth=3.
100000008729801100,peripheral,0.25,2,0.265907,Порогов ролей не достиг; требуется контекст. Вход: 1/17534 KZT; выход: 0/0 KZT; k=0.00; depth=1.
100000008730021100,peripheral,0.25,15,0.400605,Порогов ролей не достиг; требуется контекст. Вход: 1/75555 KZT; выход: 0/0 KZT; k=0.00; depth=1.
100000008730238100,peripheral,0.1,5,0.433294,Обрыв depth=4; продолжение неизвестно. Вход: 1/113000 KZT; выход: 0/0 KZT; k=0.00; depth=4.
100000008730371100,terminal,0.5,1,0.654004,Гипотеза конечного получения. Вход: 2/520000 KZT; выход: 0/0 KZT; k=0.00; depth=3.
100000008730846100,peripheral,0.25,10,0.644644,Порогов ролей не достиг; требуется контекст. Вход: 7/155042 KZT; выход: 3/363370 KZT; k=2.34; depth=2.
100000008731444100,peripheral,0.25,1,0.67645,Порогов ролей не достиг; требуется контекст. Вход: 3/439000 KZT; выход: 9/879768 KZT; k=2.00; depth=2.
100000008732098100,peripheral,0.25,2,0.256299,Порогов ролей не достиг; требуется контекст. Вход: 1/15677 KZT; выход: 0/0 KZT; k=0.00; depth=1.
100000008732488100,peripheral,0.25,6,0.496824,Порогов ролей не достиг; требуется контекст. Вход: 1/137000 KZT; выход: 1/10000 KZT; k=0.07; depth=3.
100000008733049100,peripheral,0.25,15,0.2321,Порогов ролей не достиг; требуется контекст. Вход: 1/10000 KZT; выход: 0/0 KZT; k=0.00; depth=2.
100000008733194100,peripheral,0.25,13,0.631077,Порогов ролей не достиг; требуется контекст. Вход: 4/251424 KZT; выход: 8/159695 KZT; k=0.64; depth=2.
100000008734279100,peripheral,0.1,6,0.320838,Обрыв depth=4; продолжение неизвестно. Вход: 1/31650 KZT; выход: 0/0 KZT; k=0.00; depth=4.
100000008734364100,peripheral,0.25,2,0.307367,Порогов ролей не достиг; требуется контекст. Вход: 1/26200 KZT; выход: 0/0 KZT; k=0.00; depth=2.
100000008735384100,peripheral,0.25,2,0.341174,Порогов ролей не достиг; требуется контекст. Вход: 1/39220 KZT; выход: 0/0 KZT; k=0.00; depth=1.
100000008735802100,peripheral,0.1,1,0.406247,Обрыв depth=4; продолжение неизвестно. Вход: 1/85000 KZT; выход: 0/0 KZT; k=0.00; depth=4.
100000008735832100,peripheral,0.25,2,0.266797,Порогов ролей не достиг; требуется контекст. Вход: 1/17600 KZT; выход: 0/0 KZT; k=0.00; depth=3.
100000008736173100,peripheral,0.25,2,0.323559,Порогов ролей не достиг; требуется контекст. Вход: 1/31060 KZT; выход: 0/0 KZT; k=0.00; depth=1.
100000008736394100,peripheral,0.25,2,0.259146,Порогов ролей не достиг; требуется контекст. Вход: 1/16000 KZT; выход: 0/0 KZT; k=0.00; depth=2.
100000008736760100,peripheral,0.25,2,0.378363,Порогов ролей не достиг; требуется контекст. Вход: 1/54757 KZT; выход: 0/0 KZT; k=0.00; depth=1.
100000008736940100,consolidator,0.7,43,0.814176,Гипотеза консолидации. Вход: 3/451090 KZT; выход: 3/182100 KZT; k=0.40; depth=1.
100000008737422100,peripheral,0.25,2,0.401673,Порогов ролей не достиг; требуется контекст. Вход: 1/76903 KZT; выход: 0/0 KZT; k=0.00; depth=1.
100000008737514100,peripheral,0.25,15,0.410747,Порогов ролей не достиг; требуется контекст. Вход: 1/85000 KZT; выход: 0/0 KZT; k=0.00; depth=2.
100000008737958100,peripheral,0.25,2,0.419244,Порогов ролей не достиг; требуется контекст. Вход: 2/53373 KZT; выход: 0/0 KZT; k=0.00; depth=1.
100000008738325100,peripheral,0.2,20,0.459025,Порогов ролей не достиг; требуется контекст. Вход seed неполон. Вход: 1/36550 KZT; выход: 1/54000 KZT; k=1.48; depth=0.
100000008738526100,peripheral,0.25,17,0.503763,Порогов ролей не достиг; требуется контекст. Вход: 1/15000 KZT; выход: 1/140000 KZT; k=9.33; depth=3.
100000008738658100,peripheral,0.25,2,0.31573,Порогов ролей не достиг; требуется контекст. Вход: 1/29920 KZT; выход: 0/0 KZT; k=0.00; depth=3.
100000008739887100,peripheral,0.25,6,0.621913,Порогов ролей не достиг; требуется контекст. Вход: 2/214000 KZT; выход: 2/307000 KZT; k=1.43; depth=3.
100000008740295100,peripheral,0.1,5,0.503044,Обрыв depth=4; продолжение неизвестно. Вход: 1/300000 KZT; выход: 0/0 KZT; k=0.00; depth=4.
100000008740793100,peripheral,0.25,2,0.284769,Порогов ролей не достиг; требуется контекст. Вход: 1/21000 KZT; выход: 0/0 KZT; k=0.00; depth=3.
100000008741372100,peripheral,0.25,2,0.334947,Порогов ролей не достиг; требуется контекст. Вход: 1/35975 KZT; выход: 0/0 KZT; k=0.00; depth=1.
100000008742053100,distributor,0.75,12,0.865454,Гипотеза распределения. Вход: 1/10000 KZT; выход: 12/2789000 KZT; k=278.90; depth=3.
100000008742266100,peripheral,0.25,2,0.284769,Порогов ролей не достиг; требуется контекст. Вход: 1/21000 KZT; выход: 0/0 KZT; k=0.00; depth=2.
100000008743913100,coordinator,0.65,17,0.87774,Гипотеза связующего узла. Вход: 3/149300 KZT; выход: 13/1850600 KZT; k=12.40; depth=2.
100000008744364100,peripheral,0.25,2,0.29331,Порогов ролей не достиг; требуется контекст. Вход: 1/23700 KZT; выход: 0/0 KZT; k=0.00; depth=3.
100000008744799100,peripheral,0.25,2,0.240107,Порогов ролей не достиг; требуется контекст. Вход: 1/12600 KZT; выход: 0/0 KZT; k=0.00; depth=3.
100000008744849100,peripheral,0.25,2,0.350961,Порогов ролей не достиг; требуется контекст. Вход: 1/44445 KZT; выход: 0/0 KZT; k=0.00; depth=1.
100000008745474100,peripheral,0.25,2,0.345623,Порогов ролей не достиг; требуется контекст. Вход: 1/40559 KZT; выход: 0/0 KZT; k=0.00; depth=1.
100000008745489100,peripheral,0.25,2,0.379964,Порогов ролей не достиг; требуется контекст. Вход: 1/55539 KZT; выход: 0/0 KZT; k=0.00; depth=1.
100000008745643100,peripheral,0.25,2,0.282278,Порогов ролей не достиг; требуется контекст. Вход: 1/20313 KZT; выход: 0/0 KZT; k=0.00; depth=1.
100000008745676100,peripheral,0.1,2,0.32671,Обрыв depth=4; продолжение неизвестно. Вход: 1/34547 KZT; выход: 0/0 KZT; k=0.00; depth=4.
100000008745725100,peripheral,0.25,2,0.358968,Порогов ролей не достиг; требуется контекст. Вход: 1/47060 KZT; выход: 0/0 KZT; k=0.00; depth=1.
100000008745863100,peripheral,0.25,2,0.288505,Порогов ролей не достиг; требуется контекст. Вход: 1/22900 KZT; выход: 0/0 KZT; k=0.00; depth=3.
100000008745884100,peripheral,0.25,2,0.281566,Порогов ролей не достиг; требуется контекст. Вход: 1/20000 KZT; выход: 0/0 KZT; k=0.00; depth=3.
100000008746025100,peripheral,0.25,2,0.286904,Порогов ролей не достиг; требуется контекст. Вход: 1/22000 KZT; выход: 0/0 KZT; k=0.00; depth=1.
100000008746449100,distributor,0.75,5,0.842633,Гипотеза распределения. Вход: 1/10000 KZT; выход: 10/1009000 KZT; k=100.90; depth=3.
100000008746673100,peripheral,0.25,2,0.375338,Порогов ролей не достиг; требуется контекст. Вход: 1/53048 KZT; выход: 0/0 KZT; k=0.00; depth=1.
100000008747113100,terminal,0.5,7,0.587633,Гипотеза конечного получения. Вход: 2/197801 KZT; выход: 0/0 KZT; k=0.00; depth=1.
100000008748408100,distributor,0.75,8,0.862429,Гипотеза распределения. Вход: 1/360000 KZT; выход: 21/1499960 KZT; k=4.17; depth=1.
100000008748795100,peripheral,0.25,1,0.358612,Порогов ролей не достиг; требуется контекст. Вход: 1/47057 KZT; выход: 0/0 KZT; k=0.00; depth=3.
100000008748914100,distributor,0.75,3,0.870569,Гипотеза распределения. Вход: 2/180000 KZT; выход: 13/4471847 KZT; k=24.84; depth=1.
100000008749063100,peripheral,0.25,2,0.271779,Порогов ролей не достиг; требуется контекст. Вход: 1/19000 KZT; выход: 0/0 KZT; k=0.00; depth=1.
100000008749405100,peripheral,0.25,2,0.337438,Порогов ролей не достиг; требуется контекст. Вход: 1/37150 KZT; выход: 0/0 KZT; k=0.00; depth=3.
100000008749406100,peripheral,0.25,2,0.26306,Порогов ролей не достиг; требуется контекст. Вход: 1/17144 KZT; выход: 0/0 KZT; k=0.00; depth=1.
100000008749618100,peripheral,0.25,2,0.359502,Порогов ролей не достиг; требуется контекст. Вход: 1/47280 KZT; выход: 0/0 KZT; k=0.00; depth=1.
100000008749900100,peripheral,0.25,2,0.263238,Порогов ролей не достиг; требуется контекст. Вход: 1/17150 KZT; выход: 0/0 KZT; k=0.00; depth=3.
100000008749989100,peripheral,0.25,2,0.259146,Порогов ролей не достиг; требуется контекст. Вход: 1/16000 KZT; выход: 0/0 KZT; k=0.00; depth=2.
100000008750464100,peripheral,0.25,2,0.217865,Порогов ролей не достиг; требуется контекст. Вход: 1/8500 KZT; выход: 0/0 KZT; k=0.00; depth=3.
100000008751349100,peripheral,0.25,26,0.235836,Порогов ролей не достиг; требуется контекст. Вход: 1/11630 KZT; выход: 0/0 KZT; k=0.00; depth=3.
100000008751380100,terminal,0.5,5,0.625712,Гипотеза конечного получения. Вход: 2/345780 KZT; выход: 0/0 KZT; k=0.00; depth=3.
100000008751429100,consolidator,0.7,43,0.784194,Гипотеза консолидации. Вход: 3/386200 KZT; выход: 1/72600 KZT; k=0.19; depth=1.
100000008752616100,peripheral,0.25,5,0.672802,Порогов ролей не достиг; требуется контекст. Вход: 2/64510 KZT; выход: 7/1265000 KZT; k=19.61; depth=2.
100000008753061100,peripheral,0.25,2,0.312171,Порогов ролей не достиг; требуется контекст. Вход: 1/28400 KZT; выход: 0/0 KZT; k=0.00; depth=3.
100000008753193100,peripheral,0.25,2,0.334235,Порогов ролей не достиг; требуется контекст. Вход: 1/35225 KZT; выход: 0/0 KZT; k=0.00; depth=1.
100000008753897100,peripheral,0.25,2,0.295801,Порогов ролей не достиг; требуется контекст. Вход: 1/24050 KZT; выход: 0/0 KZT; k=0.00; depth=3.
100000008754608100,peripheral,0.25,2,0.239217,Порогов ролей не достиг; требуется контекст. Вход: 1/12300 KZT; выход: 0/0 KZT; k=0.00; depth=3.
100000008754747100,peripheral,0.25,2,0.354698,Порогов ролей не достиг; требуется контекст. Вход: 1/45500 KZT; выход: 0/0 KZT; k=0.00; depth=3.
100000008754997100,peripheral,0.25,2,0.269822,Порогов ролей не достиг; требуется контекст. Вход: 1/18000 KZT; выход: 0/0 KZT; k=0.00; depth=3.
100000008755168100,peripheral,0.25,2,0.266797,Порогов ролей не достиг; требуется контекст. Вход: 1/17600 KZT; выход: 0/0 KZT; k=0.00; depth=3.
100000008755361100,peripheral,0.25,2,0.24758,Порогов ролей не достиг; требуется контекст. Вход: 1/14627 KZT; выход: 0/0 KZT; k=0.00; depth=1.
100000008755580100,peripheral,0.25,2,0.259146,Порогов ролей не достиг; требуется контекст. Вход: 1/16000 KZT; выход: 0/0 KZT; k=0.00; depth=3.
100000008755754100,peripheral,0.25,12,0.214306,Порогов ролей не достиг; требуется контекст. Вход: 1/7000 KZT; выход: 0/0 KZT; k=0.00; depth=3.
100000008757301100,peripheral,0.1,1,0.378133,Обрыв depth=4; продолжение неизвестно. Вход: 1/58398 KZT; выход: 0/0 KZT; k=0.00; depth=4.
100000008757369100,peripheral,0.25,1,0.45234,Порогов ролей не достиг; требуется контекст. Вход: 1/25961 KZT; выход: 1/58398 KZT; k=2.25; depth=3.
100000008758106100,peripheral,0.1,5,0.2276,Обрыв depth=4; продолжение неизвестно. Вход: 1/10000 KZT; выход: 0/0 KZT; k=0.00; depth=4.
100000008758168100,peripheral,0.25,17,0.673648,Порогов ролей не достиг; требуется контекст. Вход: 2/75410 KZT; выход: 5/1533600 KZT; k=20.34; depth=2.
100000008758607100,peripheral,0.1,5,0.20002,Обрыв depth=4; продолжение неизвестно. Вход: 1/5000 KZT; выход: 0/0 KZT; k=0.00; depth=4.
100000008759795100,peripheral,0.1,19,0.257493,Обрыв depth=4; продолжение неизвестно. Вход: 1/17000 KZT; выход: 0/0 KZT; k=0.00; depth=4.
100000008759857100,peripheral,0.25,17,0.633212,Порогов ролей не достиг; требуется контекст. Вход: 1/5000 KZT; выход: 2/994000 KZT; k=198.80; depth=3.
100000008760098100,peripheral,0.25,17,0.56782,Порогов ролей не достиг; требуется контекст. Вход: 1/7000 KZT; выход: 1/390000 KZT; k=55.71; depth=3.
100000008761132100,peripheral,0.1,5,0.2276,Обрыв depth=4; продолжение неизвестно. Вход: 1/10000 KZT; выход: 0/0 KZT; k=0.00; depth=4.
100000008761219100,peripheral,0.25,48,0.607322,Порогов ролей не достиг; требуется контекст. Вход: 2/50000 KZT; выход: 2/375000 KZT; k=7.50; depth=3.
100000008761220100,peripheral,0.1,5,0.2276,Обрыв depth=4; продолжение неизвестно. Вход: 1/10000 KZT; выход: 0/0 KZT; k=0.00; depth=4.
100000008762005100,peripheral,0.1,5,0.20002,Обрыв depth=4; продолжение неизвестно. Вход: 1/5000 KZT; выход: 0/0 KZT; k=0.00; depth=4.
100000008762728100,peripheral,0.25,4,0.262349,Порогов ролей не достиг; требуется контекст. Вход: 1/17026 KZT; выход: 0/0 KZT; k=0.00; depth=2.
100000008762832100,peripheral,0.25,3,0.533657,Порогов ролей не достиг; требуется контекст. Вход: 1/150000 KZT; выход: 1/85000 KZT; k=0.57; depth=2.
100000008762843100,peripheral,0.1,5,0.209806,Обрыв depth=4; продолжение неизвестно. Вход: 1/7000 KZT; выход: 0/0 KZT; k=0.00; depth=4.
100000008762885100,peripheral,0.1,5,0.209806,Обрыв depth=4; продолжение неизвестно. Вход: 1/7000 KZT; выход: 0/0 KZT; k=0.00; depth=4.
100000008763688100,peripheral,0.25,2,0.284769,Порогов ролей не достиг; требуется контекст. Вход: 1/21000 KZT; выход: 0/0 KZT; k=0.00; depth=3.
100000008764436100,peripheral,0.25,2,0.242242,Порогов ролей не достиг; требуется контекст. Вход: 1/13100 KZT; выход: 0/0 KZT; k=0.00; depth=2.
100000008764654100,peripheral,0.25,2,0.305587,Порогов ролей не достиг; требуется контекст. Вход: 1/26150 KZT; выход: 0/0 KZT; k=0.00; depth=3.
100000008765494100,peripheral,0.25,2,0.295267,Порогов ролей не достиг; требуется контекст. Вход: 1/24000 KZT; выход: 0/0 KZT; k=0.00; depth=2.
100000008765627100,peripheral,0.25,8,0.38637,Порогов ролей не достиг; требуется контекст. Вход: 1/60000 KZT; выход: 0/0 KZT; k=0.00; depth=2.
100000008766031100,peripheral,0.1,5,0.20002,Обрыв depth=4; продолжение неизвестно. Вход: 1/5000 KZT; выход: 0/0 KZT; k=0.00; depth=4.
100000008766764100,peripheral,0.1,5,0.20002,Обрыв depth=4; продолжение неизвестно. Вход: 1/5000 KZT; выход: 0/0 KZT; k=0.00; depth=4.
100000008767027100,peripheral,0.25,17,0.20452,Порогов ролей не достиг; требуется контекст. Вход: 1/5000 KZT; выход: 0/0 KZT; k=0.00; depth=3.
100000008767065100,peripheral,0.25,17,0.2321,Порогов ролей не достиг; требуется контекст. Вход: 1/10000 KZT; выход: 0/0 KZT; k=0.00; depth=3.
100000008767925100,peripheral,0.25,2,0.26306,Порогов ролей не достиг; требуется контекст. Вход: 1/17144 KZT; выход: 0/0 KZT; k=0.00; depth=1.
100000008767950100,peripheral,0.25,2,0.264484,Порогов ролей не достиг; требуется контекст. Вход: 1/17350 KZT; выход: 0/0 KZT; k=0.00; depth=3.
100000008768896100,peripheral,0.25,2,0.358968,Порогов ролей не достиг; требуется контекст. Вход: 1/47060 KZT; выход: 0/0 KZT; k=0.00; depth=1.
100000008769097100,peripheral,0.25,2,0.324093,Порогов ролей не достиг; требуется контекст. Вход: 1/31100 KZT; выход: 0/0 KZT; k=0.00; depth=3.
100000008769636100,peripheral,0.25,2,0.289929,Порогов ролей не достиг; требуется контекст. Вход: 1/23118 KZT; выход: 0/0 KZT; k=0.00; depth=1.
100000008770483100,peripheral,0.1,48,0.20002,Обрыв depth=4; продолжение неизвестно. Вход: 1/5000 KZT; выход: 0/0 KZT; k=0.00; depth=4.
100000008771627100,peripheral,0.25,2,0.260925,Порогов ролей не достиг; требуется контекст. Вход: 1/16500 KZT; выход: 0/0 KZT; k=0.00; depth=2.
100000008771814100,peripheral,0.25,2,0.29331,Порогов ролей не достиг; требуется контекст. Вход: 1/23700 KZT; выход: 0/0 KZT; k=0.00; depth=2.
100000008771819100,peripheral,0.25,2,0.340463,Порогов ролей не достиг; требуется контекст. Вход: 1/38900 KZT; выход: 0/0 KZT; k=0.00; depth=1.
100000008772058100,peripheral,0.25,2,0.368932,Порогов ролей не достиг; требуется контекст. Вход: 1/50000 KZT; выход: 0/0 KZT; k=0.00; depth=2.
100000008772246100,peripheral,0.25,2,0.351317,Порогов ролей не достиг; требуется контекст. Вход: 1/44500 KZT; выход: 0/0 KZT; k=0.00; depth=3.
100000008773876100,peripheral,0.25,2,0.304342,Порогов ролей не достиг; требуется контекст. Вход: 1/26120 KZT; выход: 0/0 KZT; k=0.00; depth=1.
100000008774237100,peripheral,0.25,24,0.429742,Порогов ролей не достиг; требуется контекст. Вход: 1/50000 KZT; выход: 1/10000 KZT; k=0.20; depth=2.
100000008775471100,terminal,0.5,17,0.614902,Гипотеза конечного получения. Вход: 1/580000 KZT; выход: 0/0 KZT; k=0.00; depth=3.
100000008775747100,peripheral,0.1,5,0.20002,Обрыв depth=4; продолжение неизвестно. Вход: 1/5000 KZT; выход: 0/0 KZT; k=0.00; depth=4.
100000008776298100,peripheral,0.25,2,0.348648,Порогов ролей не достиг; требуется контекст. Вход: 1/42800 KZT; выход: 0/0 KZT; k=0.00; depth=1.
100000008776310100,peripheral,0.25,2,0.272135,Порогов ролей не достиг; требуется контекст. Вход: 1/19200 KZT; выход: 0/0 KZT; k=0.00; depth=3.
100000008776420100,peripheral,0.25,2,0.394199,Порогов ролей не достиг; требуется контекст. Вход: 1/69500 KZT; выход: 0/0 KZT; k=0.00; depth=3.
100000008776576100,peripheral,0.25,2,0.247936,Порогов ролей не достиг; требуется контекст. Вход: 1/14765 KZT; выход: 0/0 KZT; k=0.00; depth=1.
100000008776720100,peripheral,0.25,2,0.305587,Порогов ролей не достиг; требуется контекст. Вход: 1/26150 KZT; выход: 0/0 KZT; k=0.00; depth=3.
100000008777088100,peripheral,0.25,2,0.269822,Порогов ролей не достиг; требуется контекст. Вход: 1/18000 KZT; выход: 0/0 KZT; k=0.00; depth=1.
100000008778010100,peripheral,0.1,2,0.397351,Обрыв depth=4; продолжение неизвестно. Вход: 1/76950 KZT; выход: 0/0 KZT; k=0.00; depth=4.
100000008778753100,peripheral,0.1,25,0.2276,Обрыв depth=4; продолжение неизвестно. Вход: 1/10000 KZT; выход: 0/0 KZT; k=0.00; depth=4.
100000008779584100,peripheral,0.25,2,0.324626,Порогов ролей не достиг; требуется контекст. Вход: 1/31400 KZT; выход: 0/0 KZT; k=0.00; depth=1.
100000008782056100,peripheral,0.25,2,0.314662,Порогов ролей не достиг; требуется контекст. Вход: 1/29082 KZT; выход: 0/0 KZT; k=0.00; depth=1.
100000008782421100,peripheral,0.25,2,0.363238,Порогов ролей не достиг; требуется контекст. Вход: 1/49680 KZT; выход: 0/0 KZT; k=0.00; depth=1.
100000008782800100,peripheral,0.25,2,0.349359,Порогов ролей не достиг; требуется контекст. Вход: 1/43381 KZT; выход: 0/0 KZT; k=0.00; depth=1.
